id,Importance,difficult,category1,category2,original,question,explanation,notes1,notes2,notes3,notes4,notes5
1,2,初級,会計,財政法,財政法第１条　国の予算その他財政の基本に関しては、この法律の定めるところによる。,財政法第１条　国の予算その他財政の基本に関しては、政令の定めるところによる。,「この法律」を「政令」に変更している点が誤り。正しくは「この法律の定めるところによる」である。,2026_08_15,m,-,-,-
21,2,中級,会計,財政法,財政法第１９条　内閣は、国会、裁判所及び会計検査院の歳出見積を減額した場合においては、国会、裁判所又は会計検査院の送付に係る歳出見積について、その詳細を歳入歳出予算に附記するとともに、国会が、国会、裁判所又は会計検査院に係る歳出額を修正する場合における必要な財源についても明記しなければならない。,財政法第１９条　内閣は、国会、裁判所及び会計検査院の歳出見積を増額した場合においては、国会、裁判所又は会計検査院の送付に係る歳出見積について、その詳細を歳入歳出予算に附記するとともに、国会が、国会、裁判所又は会計検査院に係る歳出額を修正する場合における必要な財源についても明記しなければならない。,「歳出見積を減額した場合」を「歳出見積を増額した場合」に変更している点が誤り。正しくは「歳出見積を減額した場合」である。,2026_08_15,m,-,-,-
41,2,中級,会計,財政法,財政法第３８条　財務大臣は、歳入決算明細書及び歳出の決算報告書に基いて、歳入歳出の決算を作成しなければならない。②　歳入歳出の決算は、歳入歳出予算と同一の区分により、これを作製し、且つ、これに左の事項を明らかにしなければならない。（一）　歳入　一　歳入予算額　二　徴収決定済額（徴収決定のない歳入については収納後に徴収済として整理した額）　三　収納済歳入額　四　不納欠損額　五　収納未済歳入額　（二）　歳出　一　歳出予算額　二　前年度繰越額　三　予備費使用額　四　流用等増減額　五　支出済歳出額　六　翌年度繰越額　七　不用額,財政法第３８条　財務大臣は、歳入決算明細書及び歳出の決算報告書に基いて、歳入歳出の決算を作成しなければならない。②　歳入歳出の決算は、歳入歳出予算と同一の区分により、これを作製し、且つ、これに左の事項を明らかにしなければならない。（一）　歳入　一　歳入予算額　二　徴収決定済額（徴収決定のない歳入については収納後に徴収済として整理した額）　三　収納済歳入額　四　不納欠損額　五　収納未済歳入額　（二）　歳出　一　歳出予算額　二　前年度繰越額　三　予備費使用額　四　流用等増減額　五　支出済歳出額　六　翌年度繰越額　七　未使用額,第２項（二）第七号の「不用額」を「未使用額」に変更している点が誤り。正しくは「不用額」である。,2026_08_15,m,-,-,-
61,1,中級,会計,会計法,会計法第６条　歳入徴収官は、歳入を徴収するときは、これを調査決定し、政令で定めるものを除き、債務者に対して納入の告知をしなければならない。,会計法第６条　歳入徴収官は、歳入を徴収するときは、これを調査決定し、財務省令で定めるものを除き、債務者に対して納入の告知をしなければならない。,「政令で定めるもの」を「財務省令で定めるもの」に変更している点が誤り。正しくは「政令で定めるもの」である。,2026_08_15,m,-,-,-
81,1,中級,会計,会計法,会計法第２２条　各省各庁の長は、運賃、傭船料、旅費その他経費の性質上前金又は概算を以て支払をしなければ事務に支障を及ぼすような経費で政令で定めるものについては、前金払又は概算払をすることができる。,会計法第２２条　各省各庁の長は、運賃、傭船料、旅費その他経費の性質上前金又は概算を以て支払をしなければ事務に支障を及ぼすような経費で政令で定めるものについては、前金払及び概算払をすることができる。,「前金払又は概算払」を「前金払及び概算払」に変更している点が誤り。正しくは「前金払又は概算払」である。,2026_08_15,m,-,-,-
102,2,上級,会計,会計法,会計法第４０条の２　各省各庁の長は、必要があるときは、政令の定めるところにより、他の各省各庁所属の職員を出納官吏、分任出納官吏又は出納官吏代理とすることができる。②　前項の場合において、各省各庁の長は、特に必要があると認めるときは、政令の定めるところにより、当該他の各省各庁所属の職員を出納員とすることができる。,会計法第４０条の２　各省各庁の長は、必要があるときは、政令の定めるところにより、他の各省各庁所属の職員を出納官吏、分任出納官吏又は出納官吏代理とすることができる。②　前項の場合において、各省各庁の長は、必要があると認めるときは、政令の定めるところにより、当該他の各省各庁所属の職員を出納員とすることができる。,第２項の「特に必要があると認めるとき」を「必要があると認めるとき」に変更している点が誤り。正しくは「特に必要があると認めるとき」である。,2026_08_15,m,-,-,-
122,2,中級,会計,予算決算及び会計令,予算決算及び会計令第４条　支出官において毎会計年度に属する経費を精算して支出するのは、翌年度の四月三十日限りとする。ただし、国庫内における移換のためにする支出又は会計法第二十条第一項の規定により歳出金に繰替使用した現金の補てんのためにする支出については、翌年度の五月三十一日まで、小切手を振り出し又は国庫金振替書若しくは支払指図書を発することができる。,予算決算及び会計令第４条　支出官において毎会計年度に属する経費を精算して支出するのは、翌年度の四月三十日限りとする。ただし、国庫内における移換のためにする支出又は会計法第二十条第一項の規定により歳出金に繰替使用した現金の補てんのためにする支出については、翌年度の六月三十日まで、小切手を振り出し又は国庫金振替書若しくは支払指図書を発することができる。,ただし書の「翌年度の五月三十一日まで」を「翌年度の六月三十日まで」に変更している点が誤り。正しくは「翌年度の五月三十一日まで」である。,2026_08_15,m,-,-,-
142,2,上級,会計,予算決算及び会計令,予算決算及び会計令第１８条の５　各省各庁の長は、前条の規定により財務大臣の承認を経た支出負担行為の実施計画を変更する必要があるときは、その理由、科目及び金額を明らかにした書類を財務大臣に送付し、その承認を受けなければならない。,予算決算及び会計令第１８条の５　各省各庁の長は、前条の規定により財務大臣の承認を経た支出負担行為の実施計画を変更する必要があるときは、その理由、科目及び金額を明らかにした書類を財務大臣に送付し、その承認を受けることができる。,「承認を受けなければならない」を「承認を受けることができる」に変更している点が誤り。正しくは「承認を受けなければならない」である。,2026_08_15,m,-,-,-
162,2,上級,会計,予算決算及び会計令,予算決算及び会計令第２５条の４　各省各庁の長は、会計法第四十六条の二の規定により、繰越しの手続に関する事務を委任する場合においては、繰越しに係る経費の支出負担行為を行なうべき支出負担行為担当官に委任するものとする。ただし、各省各庁の長が必要があると認めるときは、当該支出負担行為担当官以外の職員に委任することができる。②　各省各庁の長は、前項ただし書の場合においては、当該各省各庁又は他の各省各庁に置かれた官職を指定することにより、その官職にある者に当該事務を委任することができる。③　各省各庁の長は、第一項ただし書の場合において、その委任しようとする職員が他の各省各庁所属の職員であるときは、当該職員（当該職員が前項の規定により指定される官職にある者である場合においては、その官職）について、あらかじめ当該他の各省各庁の長の同意を経なければならない。④　各省各庁の長は、前三項の規定により繰越の手続に関する事務を委任する場合においては、前条第二項の規定により通知を受けた事務の範囲に対応する範囲において、委任しようとする事務の範囲を定めて委任しなければならない。⑤　各省各庁の長は、前各項の規定による委任をしたときは、その旨を財務大臣に通知するものとし、財務大臣は、その通知があつたときは、その旨を関係の財務局長又は福岡財務支局長に通知するものとする。,予算決算及び会計令第２５条の４　各省各庁の長は、会計法第四十六条の二の規定により、繰越しの手続に関する事務を委任する場合においては、繰越しに係る経費の支出負担行為を行なうべき支出負担行為担当官に委任するものとする。ただし、各省各庁の長が必要があると認めるときは、当該支出負担行為担当官以外の職員に委任することができる。②　各省各庁の長は、前項ただし書の場合においては、当該各省各庁又は他の各省各庁に置かれた官職を指定することにより、その官職にある者に当該事務を委任することができる。③　各省各庁の長は、第一項ただし書の場合において、その委任しようとする職員が他の各省各庁所属の職員であるときは、当該職員（当該職員が前項の規定により指定される官職にある者である場合においては、その官職）について、あらかじめ当該他の各省各庁の長の承認を経なければならない。④　各省各庁の長は、前三項の規定により繰越の手続に関する事務を委任する場合においては、前条第二項の規定により通知を受けた事務の範囲に対応する範囲において、委任しようとする事務の範囲を定めて委任しなければならない。⑤　各省各庁の長は、前各項の規定による委任をしたときは、その旨を財務大臣に通知するものとし、財務大臣は、その通知があつたときは、その旨を関係の財務局長又は福岡財務支局長に通知するものとする。,第３項の「同意」を「承認」に変更している点が誤り。正しくは「同意」である。,2026_08_15,m,-,-,-
182,1,中級,会計,予算決算及び会計令,予算決算及び会計令第４２条　官署支出官は、支出の決定をするときは、その経費に係る支出負担行為が確認又は認証されたものであるかどうか及び第百三十四条に規定する支出負担行為差引簿に登記されているかどうかを調査し、当該経費の金額を算定し、かつ、当該経費は、示達を受けた支払計画の金額を超過することがないかどうか並びに所属年度及び歳出科目を誤ることがないかどうかを調査しなければならない。,予算決算及び会計令第４２条　官署支出官は、支出の決定をするときは、その経費に係る支出負担行為が確認又は認証されたものであるかどうか及び第百三十四条に規定する支出負担行為差引簿に登記されているかどうかを調査し、当該経費の金額を算定し、かつ、当該経費は、示達を受けた支払計画の金額を超過することがないかどうか並びに所属年度及び歳入科目を誤ることがないかどうかを調査しなければならない。,「歳出科目」を「歳入科目」に変更している点が誤り。正しくは「歳出科目」である。,2026_08_15,m,-,-,-
202,1,中級,会計,予算決算及び会計令,予算決算及び会計令第６１条　日本銀行は、小切手の提示があつたときは、その小切手が法令に違反することがないかを調査し、その支払をしなければならない。②　前項の規定は、日本銀行が国庫金振替書又は支払指図書の交付を受けた場合に、これを準用する。,予算決算及び会計令第６１条　日本銀行は、小切手の提示があつたときは、その小切手が法令に違反することがないかを調査し、その支払をすることができる。②　前項の規定は、日本銀行が国庫金振替書又は支払指図書の交付を受けた場合に、これを準用する。,第１項の「支払をしなければならない」を「支払をすることができる」に変更している点が誤り。正しくは「支払をしなければならない」である。,2026_08_15,m,-,-,-
222,1,中級,会計,予算決算及び会計令,予算決算及び会計令第８１条　契約担当官等は、公告に示した競争執行の場所及び日時に、入札者を立ち会わせて開札をしなければならない。この場合において、入札者が立ち会わないときは、入札事務に関係のない職員を立ち会わせなければならない。,予算決算及び会計令第８１条　契約担当官等は、公告に示した競争執行の場所及び日時に、入札者を立ち会わせて開札をしなければならない。この場合において、入札者が立ち会わないときは、入札事務に関係のある職員を立ち会わせなければならない。,「入札事務に関係のない職員」を「入札事務に関係のある職員」に変更している点が誤り。正しくは「入札事務に関係のない職員」である。,2026_08_15,m,-,-,-
242,2,中級,会計,予算決算及び会計令,予算決算及び会計令第９９条の４　前二条の場合においては、予定価格又は落札金額を分割して計算することができる場合に限り、当該価格又は金額の制限内で数人に分割して契約をすることができる。,予算決算及び会計令第９９条の４　前二条の場合においては、予定価格又は落札金額を分割して計算することができる場合に限り、当該価格又は金額の制限内で一人に契約をすることができる。,「数人に分割して契約」を「一人に契約」に変更している点が誤り。正しくは「数人に分割して契約」である。,2026_08_15,m,-,-,-
263,2,中級,会計,予算決算及び会計令,予算決算及び会計令第百五条 各省各庁の長の保管に係る現金若しくは有価証券又は国の所有に係る有価証券の取扱手続に関しては、法律又は政令に特別の規定がある場合の外は、財務大臣がこれを定める。,予算決算及び会計令第百五条 各省各庁の長の保管に係る現金若しくは有価証券又は国の所有に係る有価証券の取扱手続に関しては、法律又は政令に特別の規定がある場合の外は、会計検査院がこれを定める。,「財務大臣」を「会計検査院」に変更している点が誤り。正しくは「財務大臣」である。,2026_08_15,m,-,-,-
283,2,上級,会計,予算決算及び会計令,予算決算及び会計令第１２５条　出納官吏の交替、廃止その他の異動があつたときは、異動前の出納官吏が執行した出納のうち、まだ第百二十条から第百二十三条までの手続をしていない分については、異動後の出納官吏（各省各庁の長又はその委任を受けた職員が必要があると認めるときは、その指定する職員）がこれらの規定に定める手続をしなければならない。,予算決算及び会計令第１２５条　出納官吏の交替、廃止その他の異動があつたときは、異動前の出納官吏が執行した出納のうち、まだ第百二十条から第百二十二条までの手続をしていない分については、異動後の出納官吏（各省各庁の長又はその委任を受けた職員が必要があると認めるときは、その指定する職員）がこれらの規定に定める手続をしなければならない。,「第百二十条から第百二十三条まで」を「第百二十条から第百二十二条まで」に変更している点が誤り。正しくは「第百二十条から第百二十三条まで」である。,2026_08_15,m,-,-,-
303,3,中級,会計,予算決算及び会計令,予算決算及び会計令第１４２条　前条の計算証明書類を除く外、この勅令に規定する書類の様式は、財務大臣がこれを定める。,予算決算及び会計令第１４２条　前条の計算証明書類を除く外、この勅令に規定する書類の様式は、会計検査院がこれを定める。,「財務大臣」を「会計検査院」に変更している点が誤り。正しくは「財務大臣」である。,2026_08_15,m,-,-,-
323,1,中級,会計,支出官事務規程,支出官事務規程第２２条　官署支出官は、第十六条第三項の規定により送付し、又は第三十七条第二項の規定により送付された国庫金送金通知書が、受取人の受領前に亡失したと認められるときは、その旨をセンター支出官に通知しなければならない。②　官署支出官は、第十六条第三項の規定により送付した国庫金送金通知書について、センター支出官から第四十六条第一項第一号の規定による通知を受けたときは、再度国庫金送金通知書を作成し、表面余白に「再発行」の印を押し、これを受取人に送付するとともに、その旨を日本銀行に通知しなければならない。③　官署支出官は、第四十六条第二項の規定によりセンター支出官から、受取人の受領前に亡失した国庫金送金通知書により既に支払が行われた旨の通知を受けたときは、その事情を詳細に記載した書面を所管の各省各庁の長を経由して財務大臣に送付しなければならない。④　前項の場合において、官署支出官は、財務大臣から支払を行うべき旨の通知を受けたときは、当該支払のための必要な手続をとらなければならない。⑤　前二項の規定は、官署支出官が、第四十六条第三項において準用する同条第二項の規定によりセンター支出官から、受取人の亡失した国庫金送金通知書により既に支払を受けた者がある旨の通知を受けた場合及び受取人の亡失した国庫金送金通知書により既に支払を受けた者があることを知つた場合について準用する。,支出官事務規程第２２条　官署支出官は、第十六条第三項の規定により送付し、又は第三十七条第二項の規定により送付された国庫金送金通知書が、受取人の受領前に亡失したと認められるときは、その旨をセンター支出官に通知しなければならない。②　官署支出官は、第十六条第三項の規定により送付した国庫金送金通知書について、センター支出官から第四十六条第一項第一号の規定による通知を受けたときは、再度国庫金送金通知書を作成し、表面余白に「再発行」の印を押し、これを受取人に送付するとともに、その旨を財務大臣に通知しなければならない。③　官署支出官は、第四十六条第二項の規定によりセンター支出官から、受取人の受領前に亡失した国庫金送金通知書により既に支払が行われた旨の通知を受けたときは、その事情を詳細に記載した書面を所管の各省各庁の長を経由して財務大臣に送付しなければならない。④　前項の場合において、官署支出官は、財務大臣から支払を行うべき旨の通知を受けたときは、当該支払のための必要な手続をとらなければならない。⑤　前二項の規定は、官署支出官が、第四十六条第三項において準用する同条第二項の規定によりセンター支出官から、受取人の亡失した国庫金送金通知書により既に支払を受けた者がある旨の通知を受けた場合及び受取人の亡失した国庫金送金通知書により既に支払を受けた者があることを知つた場合について準用する。,第２項の「日本銀行」を「財務大臣」に変更している点が誤り。正しくは「日本銀行」である。,2026_08_15,m,-,-,-
343,2,中級,会計,出納官吏事務規程,出納官吏事務規程第９条　外国における出納官吏の事務取扱上、この省令により難いものについては、特例を設けることができる。,出納官吏事務規程第９条　外国における出納官吏の事務取扱上、この省令により難いものについては、特例を設けなければならない。,「特例を設けることができる」を「特例を設けなければならない」に変更している点が誤り。正しくは「特例を設けることができる」である。,2026_08_15,m,-,-,-
363,1,中級,会計,出納官吏事務規程,出納官吏事務規程第３２条　資金前渡官吏は、前条に規定する国庫内の移換のため支払をしようとするときは、国庫金振替書その他国庫金の払出しに関する書類の様式を定める省令（昭和四十三年大蔵省令第五十一号。以下「省令」という。）第一号書式の国庫金振替書を発し、これをその預託先日本銀行に交付し、国庫内の移換の手続をさせなければならない。②　前項の場合において資金前渡官吏は、前条第一号の場合（第四十五条の規定により所属庁の歳入に組入れるときを除く。）又は第一号の二の場合において発する国庫金振替書には、納入告知書、納税告知書又は納付書を、前条第二号において規定する第五十四条の二の場合において発する国庫金振替書には、労働保険の保険料の徴収等に関する法律に基づく労働保険料等の納付手続の特例に関する省令（昭和四十七年大蔵省令第十七号）に定める納付書を、前条第二号において規定する第五十五条第二項及び第三項本文（第五十六条において適用する場合を含む。）の場合において発する国庫金振替書には、当該相殺額に対する納入告知書又は納付書を、前条第二号において規定する第五十七条の場合において発する国庫金振替書には、国税通則法（昭和三十七年法律第六十六号）第三十四条第一項に規定する納付書及び所得税法施行規則（昭和四十年大蔵省令第十一号）第八十条に規定する計算書を、それぞれ添えなければならない。③　資金前渡官吏は、前条第二号において規定する第五十三条、第五十四条又は第五十五条第一項（第五十六条において適用する場合を含む。）の場合において国庫金振替書を発したときは、それぞれ第十一号書式から第十四号書式までに準じた健康保険料被保険者負担金額表、船員保険料被保険者負担金額表、厚生年金保険料被保険者負担金額表、国家公務員有料宿舎使用料金額表、防衛省職員食事代金額表、防衛省職員被服弁償金額表、防衛省職員被服代払込金額表、国家公務員通勤災害一部負担金額表、労働者災害補償保険通勤災害一部負担金額表又は相殺額表を作成し、これを当該歳入徴収官に送付しなければならない。④　資金前渡官吏は、前条第三号の場合において国庫金振替書を発したときは、第五号書式の国庫金振替送金通知書をその出納官吏に送付しなければならない。ただし、電信振替の場合においては、国庫金振替送金通知書に代え、電信でその旨を通知しなければならない。⑤　前項の国庫金振替送金通知書は、資金前渡官吏が、その預託先日本銀行所在地にいる出納官吏に国庫金振替書により資金を送付する場合においては、これを省略し適宜の方法をもつて通知することが出来る。,出納官吏事務規程第３２条　資金前渡官吏は、前条に規定する国庫内の移換のため支払をしようとするときは、国庫金振替書その他国庫金の払出しに関する書類の様式を定める省令（昭和四十三年大蔵省令第五十一号。以下「省令」という。）第一号書式の国庫金振替書を発し、これをその預託先日本銀行に交付し、国庫内の移換の手続をさせなければならない。②　前項の場合において資金前渡官吏は、前条第一号の場合（第四十五条の規定により所属庁の歳入に組入れるときを除く。）又は第一号の二の場合において発する国庫金振替書には、納入告知書、納税告知書又は納付書を、前条第二号において規定する第五十四条の二の場合において発する国庫金振替書には、労働保険の保険料の徴収等に関する法律に基づく労働保険料等の納付手続の特例に関する省令（昭和四十七年大蔵省令第十七号）に定める納付書を、前条第二号において規定する第五十五条第二項及び第三項本文（第五十六条において適用する場合を含む。）の場合において発する国庫金振替書には、当該相殺額に対する納入告知書又は納付書を、前条第二号において規定する第五十七条の場合において発する国庫金振替書には、国税通則法（昭和三十七年法律第六十六号）第三十四条第一項に規定する納付書及び所得税法施行規則（昭和四十年大蔵省令第十一号）第八十条に規定する計算書を、それぞれ添えなければならない。③　資金前渡官吏は、前条第二号において規定する第五十三条、第五十四条又は第五十五条第一項（第五十六条において適用する場合を含む。）の場合において国庫金振替書を発したときは、それぞれ第十一号書式から第十四号書式までに準じた健康保険料被保険者負担金額表、船員保険料被保険者負担金額表、厚生年金保険料被保険者負担金額表、国家公務員有料宿舎使用料金額表、防衛省職員食事代金額表、防衛省職員被服弁償金額表、防衛省職員被服代払込金額表、国家公務員通勤災害一部負担金額表、労働者災害補償保険通勤災害一部負担金額表又は相殺額表を作成し、これを当該歳入徴収官に送付しなければならない。④　資金前渡官吏は、前条第三号の場合において国庫金振替書を発したときは、第四号書式の国庫金振替送金通知書をその出納官吏に送付しなければならない。ただし、電信振替の場合においては、国庫金振替送金通知書に代え、電信でその旨を通知しなければならない。⑤　前項の国庫金振替送金通知書は、資金前渡官吏が、その預託先日本銀行所在地にいる出納官吏に国庫金振替書により資金を送付する場合においては、これを省略し適宜の方法をもつて通知することが出来る。,第４項の「第五号書式」を「第四号書式」に変更している点が誤り。正しくは「第五号書式」である。,2026_08_15,m,-,-,-
383,2,中級,会計,出納官吏事務規程,出納官吏事務規程第５１条　資金前渡官吏は、第四十九条第三項の規定により国庫金送金通知書を送付した後、出納官吏又は出納員から当該国庫金送金通知書を添え支払店変更の請求を受けた場合において、相当の事由があると認めたときは、当該国庫金送金通知書に記載した支払店を訂正し、これを出納官吏又は出納員に返付し、直ちにその旨を預託先日本銀行に通知しなければならない。,出納官吏事務規程第５１条　資金前渡官吏は、第四十九条第三項の規定により国庫金送金通知書を送付した後、出納官吏又は出納員から当該国庫金送金通知書を添え支払店変更の請求を受けた場合において、相当の事由があると認めたときは、当該国庫金送金通知書に記載した支払店を訂正し、これを出納官吏又は出納員に返付し、遅滞なくその旨を預託先日本銀行に通知しなければならない。,「直ちに」を「遅滞なく」に変更している点が誤り。正しくは「直ちに」である。,2026_08_15,m,-,-,-
403,2,中級,会計,出納官吏事務規程,出納官吏事務規程第８２条の４　第八十二条の規定は、受取人の亡失した国庫金送金通知書により既に支払を受けた者がある場合について準用する。,出納官吏事務規程第８２条の４　第八十一条の規定は、受取人の亡失した国庫金送金通知書により既に支払を受けた者がある場合について準用する。,「第八十二条」を「第八十一条」に変更している点が誤り。正しくは「第八十二条」である。,2026_08_15,m,-,-,-
424,1,中級,会計,計算証明規則,計算証明規則第３条　証明責任者が交替し前任者の計算証明が済んでいないときは、前任者の計算を後任者が計算証明をしなければならない。ただし、監督官庁等は、特別の事由があるときは、後任者以外の職員を証明責任者として指名して、計算証明をさせることができる。　２　前項の交替が証明期間中で、後任者が計算証明をする場合は、前任者の取り扱った計算を併算して計算証明をすることができる。　３　前二項の場合においては、計算書にその旨並びに前任者の職氏名及び管理期を記載し、又は記録しなければならない。　４　前三項の規定は、証明責任者に交替以外の異動があったときの計算証明について準用する。,計算証明規則第３条　証明責任者が交替し前任者の計算証明が済んでいないときは、前任者の計算を前任者が計算証明をしなければならない。ただし、監督官庁等は、特別の事由があるときは、後任者以外の職員を証明責任者として指名して、計算証明をさせることができる。　２　前項の交替が証明期間中で、後任者が計算証明をする場合は、前任者の取り扱った計算を併算して計算証明をすることができる。　３　前二項の場合においては、計算書にその旨並びに前任者の職氏名及び管理期を記載し、又は記録しなければならない。　４　前三項の規定は、証明責任者に交替以外の異動があったときの計算証明について準用する。,第１項の「後任者」を「前任者」に変更している点が誤り。正しくは「後任者」である。,2026_08_15,m,-,-,-
444,1,初級,会計,陸上自衛隊会計事務規則,陸上自衛隊会計事務規則第１条　陸上自衛隊（自衛隊情報保全隊、自衛隊海上輸送群、自衛隊体育学校、自衛隊中央病院、陸上幕僚長の監督を受ける自衛隊地区病院及び自衛隊地方協力本部を含む。以下同じ。）における次の各号に掲げる事務の取扱いについては、他の法令等によるほか、この達に定めるところによる。(1) 国の収入となるべきものの徴収及び収納に関する事務 (2) 支出負担行為及び支出に関する事務 (3) 前渡資金に係る契約及び支払に関する事務 (4) 保管金に関する事務 (5) 国の収入となるべきものの契約に関する事務 (6) 決算、計算証明及び報告に関する事務 (7) 金銭会計の記録及び保管に関する事務,陸上自衛隊会計事務規則第１条　陸上自衛隊（自衛隊情報保全隊、自衛隊海上輸送群、自衛隊体育学校、自衛隊中央病院、陸上幕僚長の監督を受ける自衛隊地区病院及び自衛隊地方協力本部を含む。以下同じ。）における次の各号に掲げる事務の取扱いについては、他の法令等によらず、この達に定めるところによる。(1) 国の収入となるべきものの徴収及び収納に関する事務 (2) 支出負担行為及び支出に関する事務 (3) 前渡資金に係る契約及び支払に関する事務 (4) 保管金に関する事務 (5) 国の収入となるべきものの契約に関する事務 (6) 決算、計算証明及び報告に関する事務 (7) 金銭会計の記録及び保管に関する事務,「他の法令等によるほか」を「他の法令等によらず」に変更している点が誤り。正しくは「他の法令等によるほか」である。,2026_08_15,m,-,-,-
464,1,初級,会計,陸上自衛隊経費取扱規,陸上自衛隊経費取扱規則第１条　この達は、陸上自衛隊（自衛隊情報保全隊、自衛隊海上輸送群、自衛隊体育学校、自衛隊中央病院、陸上幕僚長の監督を受ける自衛隊地区病院及び自衛隊地方協力本部を含む。）における経費の取扱手続について必要な事項を定め、経費の効率的かつ円滑な運営を図ることを目的とする。２　前項に定める経費の取扱手続については、陸上自衛隊会計事務規則（陸上自衛隊達第16－４号（50．２．24）。以下「会計事務規則」という。）によるほか、この達の定めるところによる。,陸上自衛隊経費取扱規則第１条　この達は、陸上自衛隊（自衛隊情報保全隊、自衛隊海上輸送群、自衛隊体育学校、自衛隊中央病院、陸上幕僚長の監督を受ける自衛隊地区病院及び自衛隊地方協力本部を含む。）における経費の取扱手続について必要な事項を定め、経費の効率的かつ円滑な運営を図ることを目的とする。２　前項に定める経費の取扱手続については、陸上自衛隊会計事務規則（陸上自衛隊達第16－４号（50．２．24）。以下「会計事務規則」という。）によらず、この達の定めるところによる。,第２項の「会計事務規則によるほか」を「会計事務規則によらず」に変更している点が誤り。正しくは「会計事務規則によるほか」である。,2026_08_15,m,-,-,-
484,1,初級,会計,陸上自衛隊経費取扱規,陸上自衛隊経費取扱規則第２７条　使用基準額の示達等は、「予算総括者」ごとによるものとし、「項」、「事項別区分」、「目」及び「目の細分」を付するものとする。,陸上自衛隊経費取扱規則第２７条　使用基準額の示達等は、「事項」ごとによるものとし、「項」、「事項別区分」、「目」及び「目の細分」を付するものとする。,「予算総括者」を「事項」に変更している点が誤り。正しくは「予算総括者」である。,2026_08_15,m,-,-,-
504,1,中級,会計,陸上自衛隊経費取扱規,陸上自衛隊経費取扱規則第３７条　使用制限額の示達等は第２節に定める使用基準額の取扱いに準じて行うものとする。,陸上自衛隊経費取扱規則第３７条　使用制限額の示達等は第１節に定める使用基準額の取扱いに準じて行うものとする。,「第２節」を「第１節」に変更している点が誤り。正しくは「第２節」である。,2026_08_15,m,-,-,-
524,1,初級,会計,国の債権の管理等に関する法律,国の債権の管理等に関する法律第５条第１項　各省各庁の長は、政令で定めるところにより、会計法第四条の二に規定する歳入徴収官、同法第二十四条に規定する支出官その他の職員で当該各省各庁又は他の各省各庁に所属するものに、当該各省各庁の所掌事務に係る債権の管理に関する事務（他の法令の規定により各省各庁の長以外の国の機関が行うべきこととされているものを除く。）を行わせることができる。,国の債権の管理等に関する法律第５条第１項　各省各庁の長は、政令で定めるところにより、会計法第四条の二に規定する歳入徴収官、同法第二十四条に規定する支出官その他の職員で当該各省各庁又は他の各省各庁に所属するものに、当該各省各庁の所掌事務に係る債権の管理に関する事務（他の法令の規定により各省各庁の長以外の国の機関が行うべきこととされているものを除く。）を行わせなければならない。,「行わせることができる」を「行わせなければならない」に変更している点が誤り。正しくは「行わせることができる」である。,2026_08_15,m,-,-,-
544,1,中級,会計,国の債権の管理等に関する法律,国の債権の管理等に関する法律第２０条第１項　歳入徴収官等は、その所掌に属する債権について、国が債権者として占有すべき金銭以外の担保物（債務者に属する権利を代位して行うことにより受領する物を含む。以下この条において同じ。）及びもつぱら債権又は債権の担保に係る事項の立証に供すべき書類その他の物件を、善良な管理者の注意をもつて、整備し、かつ、保存しなければならない。,国の債権の管理等に関する法律第２０条第１項　歳入徴収官等は、その所掌に属する債権について、国が債権者として占有すべき金銭以外の担保物（債務者に属する権利を代位して行うことにより受領する物を含む。以下この条において同じ。）及びもつぱら債権又は債権の担保に係る事項の立証に供すべき書類その他の物件を、自己の財産におけると同一の注意をもつて、整備し、かつ、保存しなければならない。,「善良な管理者の注意」を「自己の財産におけると同一の注意」に変更している点が誤り。正しくは「善良な管理者の注意」である。,2026_08_15,m,-,-,-
564,1,上級,会計,国の債権の管理等に関する法律,国の債権の管理等に関する法律第３２条第１項　歳入徴収官等は、債務者が無資力又はこれに近い状態にあるため履行延期の特約等（和解、調停又は労働審判（労働審判法第二十条の規定による労働審判をいう。第三十八条第三項において同じ。）によつてする履行期限の延長で当該履行延期の特約等に準ずるものを含む。以下この条において同じ。）をした債権について、当初の履行期限（当初の履行期限後に履行延期の特約等をした場合は、最初に履行延期の特約等をした日）から十年を経過した後において、なお債務者が無資力又はこれに近い状態にあり、かつ、弁済することができることとなる見込みがないと認められる場合には、当該債権並びにこれに係る延滞金及び利息を免除することができる。,国の債権の管理等に関する法律第３２条第１項　歳入徴収官等は、債務者が無資力又はこれに近い状態にあるため履行延期の特約等（和解、調停又は労働審判（労働審判法第二十条の規定による労働審判をいう。第三十八条第三項において同じ。）によつてする履行期限の延長で当該履行延期の特約等に準ずるものを含む。以下この条において同じ。）をした債権について、当初の履行期限（当初の履行期限後に履行延期の特約等をした場合は、最初に履行延期の特約等をした日）から五年を経過した後において、なお債務者が無資力又はこれに近い状態にあり、かつ、弁済することができることとなる見込みがないと認められる場合には、当該債権並びにこれに係る延滞金及び利息を免除することができる。,「十年」を「五年」に変更している点が誤り。正しくは「十年」である。,2026_08_15,m,-,-,-
585,1,初級,会計,国等の債権債務等の金額の端数計算に関する法律,国等の債権債務等の金額の端数計算に関する法律第２条第３項　国及び公庫等の相互の間における債権又は債務の確定金額の全額が一円未満であるときは、前項の規定にかかわらず、その全額を切り捨てるものとする。,国等の債権債務等の金額の端数計算に関する法律第２条第３項　国及び公庫等の相互の間における債権又は債務の確定金額の全額が一円未満であるときは、前項の規定にかかわらず、その全額を一円として計算する。,「その全額を切り捨てるものとする」を「その全額を一円として計算する」に変更している点が誤り。正しくは「その全額を切り捨てるものとする」である。,2026_08_15,m,-,-,-
605,2,上級,会計,国家公務員宿舎法,国家公務員宿舎法第8条の2第3項　各省各庁の長は、前項の通知を受けた後において、設置計画を変更する必要があると認めるときは、そのつど、政令で定めるところにより、財務大臣に対し、設置計画の変更を求めることができる。,国家公務員宿舎法第8条の2第3項　各省各庁の長は、前項の通知を受けた後において、設置計画を変更する必要があると認めるときは、そのつど、政令で定めるところにより、財務大臣に対し、設置計画の変更を求めなければならない。,「求めることができる」を「求めなければならない」に変更している点が誤り。正しくは「求めることができる」である。,2026_08_15,m,-,-,-
625,1,上級,会計,国家公務員宿舎法,国家公務員宿舎法第16条第3項　被貸与者は、その責に帰すべき事由によりその貸与を受けた宿舎を滅失し、損傷し、又は汚損したときは、遅滞なく、これを原状に回復し、又はその損害を賠償しなければならない。ただし、その滅失、損傷又は汚損が故意又は重大な過失によらない火災に基くものである場合には、この限りでない。,国家公務員宿舎法第16条第3項　被貸与者は、その責に帰すべき事由によりその貸与を受けた宿舎を滅失し、損傷し、又は汚損したときは、遅滞なく、これを原状に回復し、又はその損害を賠償しなければならない。ただし、その滅失、損傷又は汚損が故意又は過失によらない火災に基くものである場合には、この限りでない。,「故意又は重大な過失」を「故意又は過失」に変更している点が誤り。正しくは「故意又は重大な過失」である。,2026_08_15,m,-,-,-
645,2,中級,会計,債権管理事務取扱規則,債権管理事務取扱規則第6条　主任歳入徴収官等又は分任歳入徴収官等が交替するときは、前任の主任歳入徴収官等又は分任歳入徴収官等（歳入徴収官等代理がこれらの事務を代理しているときは、これらの歳入徴収官等代理。以下この条において同じ。）は、引き渡すべき債権管理簿及びその関係書類の名称及び件数並びに法第二十条第一項に規定する担保物及びもつぱら債権又は債権の担保に係る事項の立証に供すべき書類その他の物件の名称及び件数並びに引渡の日付その他必要な事項を記載した引継書を交替の日の前日をもつて作成し、後任の主任歳入徴収官等又は分任歳入徴収官等とともに記名し、当該引継書を債権管理簿に添附して、債権管理簿、関係書類、担保物及び物件を後任の主任歳入徴収官等又は分任歳入徴収官等に引き渡すものとする。ただし、前任の主任歳入徴収官等又は分任歳入徴収官等が交替の手続をすることができない事由があるときは、後任の主任歳入徴収官等又は分任歳入徴収官等が引継書を作成し、これに記名すれば足りる。,債権管理事務取扱規則第6条　主任歳入徴収官等又は分任歳入徴収官等が交替するときは、前任の主任歳入徴収官等又は分任歳入徴収官等（歳入徴収官等代理がこれらの事務を代理しているときは、これらの歳入徴収官等代理。以下この条において同じ。）は、引き渡すべき債権管理簿及びその関係書類の名称及び件数並びに法第二十条第一項に規定する担保物及びもつぱら債権又は債権の担保に係る事項の立証に供すべき書類その他の物件の名称及び件数並びに引渡の日付その他必要な事項を記載した引継書を交替の日をもつて作成し、後任の主任歳入徴収官等又は分任歳入徴収官等とともに記名し、当該引継書を債権管理簿に添附して、債権管理簿、関係書類、担保物及び物件を後任の主任歳入徴収官等又は分任歳入徴収官等に引き渡すものとする。ただし、前任の主任歳入徴収官等又は分任歳入徴収官等が交替の手続をすることができない事由があるときは、後任の主任歳入徴収官等又は分任歳入徴収官等が引継書を作成し、これに記名すれば足りる。,「交替の日の前日」を「交替の日」に変更している点が誤り。正しくは「交替の日の前日」である。,2026_08_15,m,-,-,-
665,1,上級,会計,債権管理事務取扱規則,債権管理事務取扱規則第14条第3項　前項の場合において、日本銀行本店が日本銀行国庫金取扱規程（昭和二十二年大蔵省令第九十三号）第三十四条の規定により振込み又は送金を取り消したことに伴い、歳入徴収官等が日本銀行本店に前項第一号に掲げる書式により納入の告知をするときにおける同項の規定の適用については、同項中「作成して債務者」とあるのは、「作成し、センター支出官（第一号に規定するセンター支出官をいう。）を経由して日本銀行本店」とする。,債権管理事務取扱規則第14条第3項　前項の場合において、日本銀行本店が日本銀行国庫金取扱規程（昭和二十二年大蔵省令第九十三号）第三十五条の規定により振込み又は送金を取り消したことに伴い、歳入徴収官等が日本銀行本店に前項第一号に掲げる書式により納入の告知をするときにおける同項の規定の適用については、同項中「作成して債務者」とあるのは、「作成し、センター支出官（第一号に規定するセンター支出官をいう。）を経由して日本銀行本店」とする。,「第三十四条」を「第三十五条」に変更している点が誤り。正しくは「第三十四条」である。,2026_08_15,m,-,-,-
685,1,中級,会計,債権管理事務取扱規則,債権管理事務取扱規則第27条　歳入徴収官等は、その所掌に属する債権について法第二十一条第一項又は第二項に規定する措置をとる場合には、同条第一項又は第二項の規定に該当する理由、その措置をとることが債権の管理上必要であると認める理由及び当該理由に応じて債務者の業務又は資産に関する状況、債務者の所在その他必要な事項を記載した書類を各省各庁の長に送付してその承認を受けなければならない。ただし、法第三十八条第一項ただし書の規定に該当する場合は、当該書類を作成して直ちにその措置をとることができる。,債権管理事務取扱規則第27条　歳入徴収官等は、その所掌に属する債権について法第二十一条第一項又は第二項に規定する措置をとる場合には、同条第一項又は第二項の規定に該当する理由、その措置をとることが債権の管理上必要であると認める理由及び当該理由に応じて債務者の業務又は資産に関する状況、債務者の所在その他必要な事項を記載した書類を各省各庁の長に送付してその報告をしなければならない。ただし、法第三十八条第一項ただし書の規定に該当する場合は、当該書類を作成して直ちにその措置をとることができる。,「その承認を受けなければならない」を「その報告をしなければならない」に変更している点が誤り。正しくは「その承認を受けなければならない」である。,2026_08_15,m,-,-,-
705,1,中級,会計,債権管理事務取扱規則,債権管理事務取扱規則第39条の2第3項　歳入徴収官等は、出納官吏の取り扱つた支払金の返納金に係る債権（法令の規定により歳入金に係る債権として整理されることとなつたものを除く。）について発した納入告知書又は納付書に記載された年度、所管、会計名、部局等又は項に誤びゆうがあることを発見したときは、直ちに当該返納金に係る出納官吏に対してその旨を通知しなければならない。,債権管理事務取扱規則第39条の2第3項　歳入徴収官等は、出納官吏の取り扱つた支払金の返納金に係る債権（法令の規定により歳入金に係る債権として整理されることとなつたものを除く。）について発した納入告知書又は納付書に記載された年度、所管、会計名、部局等又は項に誤びゆうがあることを発見したときは、直ちに当該返納金に係る官署支出官に対してその旨を通知しなければならない。,「出納官吏に対して」を「官署支出官に対して」に変更している点が誤り。正しくは「出納官吏に対して」である。,2026_08_15,m,-,-,-
725,3,上級,会計,歳入徴収官事務規程,歳入徴収官事務規程第1条の2　予算決算及び会計令（昭和二十二年勅令第百六十五号）第二十七条第二項に規定する財務省令で定める特別の事情がある場合は、債権管理事務取扱規則（昭和三十一年大蔵省令第八十六号）第三十九条の七に規定する場合とする。,歳入徴収官事務規程第1条の2　予算決算及び会計令（昭和二十二年勅令第百六十五号）第二十七条第二項に規定する財務省令で定める特別の事情がある場合は、債権管理事務取扱規則（昭和三十一年大蔵省令第八十六号）第三十九条の八に規定する場合とする。,「第三十九条の七」を「第三十九条の八」に変更している点が誤り。正しくは「第三十九条の七」である。,2026_08_15,m,-,-,-
746,1,中級,会計,歳入徴収官事務規程,歳入徴収官事務規程第12条第2項　歳入徴収官は、第六条第二項の規定により調査決定をしたときは、当該超過額に係る納入告知書を当該超過額を納付すべき私人に送付しなければならない。この場合においては、当該納入告知書の表面余白に「相殺超過額」と記載し又は記録しなければならない。,歳入徴収官事務規程第12条第2項　歳入徴収官は、第六条第二項の規定により調査決定をしたときは、当該超過額に係る納入告知書を当該超過額を納付すべき私人に送付しなければならない。この場合においては、当該納入告知書の表面余白に「相殺額」と記載し又は記録しなければならない。,「相殺超過額」を「相殺額」に変更している点が誤り。正しくは「相殺超過額」である。,2026_08_15,m,-,-,-
766,2,上級,会計,歳入徴収官事務規程,歳入徴収官事務規程第21条の2　歳入徴収官は、債権に係る歳入について保証人に対し納付の請求をするときは、保証人及び債務者の住所及び氏名、歳入科目、納付すべき金額、納付の請求に係る事由、期限及び場所その他納付に関し必要な事項を明らかにした納付書を作成して保証人に送付し、これにより納付すべき旨を保証人に通知するものとする。この場合において、納付期限は、すでに告知をした納付期限と同一の期限とする。,歳入徴収官事務規程第21条の2　歳入徴収官は、債権に係る歳入について保証人に対し納付の請求をするときは、保証人及び債務者の住所及び氏名、歳入科目、納付すべき金額、納付の請求に係る事由、期限及び場所その他納付に関し必要な事項を明らかにした納付書を作成して保証人に送付し、これにより納付すべき旨を保証人に通知するものとする。この場合において、納付期限は、すでに告知をした納付期限と新たに定める期限とする。,「同一の期限」を「新たに定める期限」に変更している点が誤り。正しくは「同一の期限」である。,2026_08_15,m,-,-,-
786,2,初級,会計,歳入徴収官事務規程,歳入徴収官事務規程第34条第6項　本条において「営業日」とは、日本銀行の休日でない日をいう。,歳入徴収官事務規程第34条第6項　本条において「営業日」とは、行政機関の休日でない日をいう。,「日本銀行の休日でない日」を「行政機関の休日でない日」に変更している点が誤り。,2026_08_15,m,-,-,-
806,2,上級,会計,歳入徴収官事務規程,歳入徴収官事務規程第46条の5第3項　指定分任歳入徴収官は、第二十八条第二項又は第三項の規定により歳入徴収官から誤びゆう訂正済の通知があつたときは、直ちに徴収簿に訂正の登記をしなければならない。,歳入徴収官事務規程第46条の5第3項　指定分任歳入徴収官は、第二十八条第二項又は第三項の規定により歳入徴収官から誤びゆう訂正済の通知があつたときは、遅滞なく徴収簿に訂正の登記をしなければならない。,「直ちに」を「遅滞なく」に変更している点が誤り。正しくは「直ちに」である。,2026_08_15,m,-,-,-
826,1,初級,会計,防衛省債権管理事務取扱細則,防衛省債権管理事務取扱細則第1条　防衛省の所掌に属する債権の管理に関する事務の取扱いについては、他の法令に定めるもののほか、この細則の定めるところによる。,防衛省債権管理事務取扱細則第1条　防衛省の所掌に属する債権の管理に関する事務の取扱いについては、他の法令に定めるもののほか、この法律の定めるところによる。,「この細則」を「この法律」に変更している点が誤り。正しくは「この細則」である。,2026_08_15,m,-,-,-
846,1,中級,会計,防衛省債権管理事務取扱細則,防衛省債権管理事務取扱細則第22条第1項　歳入徴収官等が、省令第10条の規定によりその所掌に属する債権について調査、確認した場合に作成する書類は、別記第6号書式（その1）の債権調査確認決議書によるものとする。ただし、合衆国政府受入金債権（諸機関（特別調達資金設置令（昭和26年政令第205号）第1条に規定する諸機関をいう。以下同じ。）を除く。）について調査、確認した場合に作成する書類は、別記第6号書式（その1の2）を使用することができる。,防衛省債権管理事務取扱細則第22条第1項　歳入徴収官等が、省令第10条の規定によりその所掌に属する債権について調査、確認した場合に作成する書類は、別記第6号書式（その2）の債権調査確認決議書によるものとする。ただし、合衆国政府受入金債権（諸機関（特別調達資金設置令（昭和26年政令第205号）第1条に規定する諸機関をいう。以下同じ。）を除く。）について調査、確認した場合に作成する書類は、別記第6号書式（その1の2）を使用することができる。,「別記第6号書式（その1）」を「別記第6号書式（その2）」に変更している点が誤り。正しくは「別記第6号書式（その1）」である。,2026_08_15,m,-,-,-
866,1,中級,会計,防衛省債権管理事務取扱細則,防衛省債権管理事務取扱細則第38条第2項　歳入徴収官等は、前項の規定により徴収停止の取消しを行った場合には、その旨を、大臣に報告しなければならない。,防衛省債権管理事務取扱細則第38条第2項　歳入徴収官等は、前項の規定により徴収停止の取消しを行った場合には、その旨を、大臣に報告することができる。,「報告しなければならない」を「報告することができる」に変更している点が誤り。正しくは「報告しなければならない」である。,2026_08_15,m,-,-,-
886,1,中級,会計,防衛省債権管理事務取扱細則,防衛省債権管理事務取扱細則第57条　歳入徴収官は、日本銀行から第56条第3項に基いて、振替済通知書の送付を受けたときは、歳入徴収官事務規程第54条の3の規定により特定分任歳入徴収官等に対して消滅の通知をするため、当該振替済通知書の回付をすることになっているが、振替をした資金前渡官吏が特定分任歳入徴収官等を兼ねる場合に限り、当該債権の消滅通知は省略することができるものとする。,防衛省債権管理事務取扱細則第57条　歳入徴収官は、日本銀行から第56条第3項に基いて、振替済通知書の送付を受けたときは、歳入徴収官事務規程第54条の3の規定により特定分任歳入徴収官等に対して消滅の通知をするため、当該振替済通知書の回付をすることになっているが、振替をした資金前渡官吏が特定分任歳入徴収官等を兼ねる場合に限り、当該債権の消滅通知は省略しなければならないものとする。,「省略することができる」を「省略しなければならない」に変更している点が誤り。正しくは「省略することができる」である。,2026_08_15,m,-,-,-
907,1,上級,会計,陸上自衛隊債権管理事務取扱規則,陸上自衛隊債権管理事務取扱規則第5条第2項　特定分任歳入徴収官等は、前項の規定により債権の管理事務を引き継ぐときは、次の区分により債権管理簿（債権発生通知書）を処理するものとする。 (１) 食事代等債権については、債権管理簿（債権発生通知書）を３部作成し、１部を控えとし、他の２部を異動先の部隊等の特定分任歳入徴収官等に送付する。 (２) 公務員宿舎使用料債権については、防衛省人事・給与情報システム上の債権管理簿（債権発生通知書）を異動先の部隊等の特定分任歳入徴収官等及び公務員宿舎を管理する業務隊長等に送付する。,陸上自衛隊債権管理事務取扱規則第5条第2項　特定分任歳入徴収官等は、前項の規定により債権の管理事務を引き継ぐときは、次の区分により債権管理簿（債権発生通知書）を処理するものとする。 (１) 食事代等債権については、債権管理簿（債権発生通知書）を２部作成し、１部を控えとし、他の２部を異動先の部隊等の特定分任歳入徴収官等に送付する。 (２) 公務員宿舎使用料債権については、防衛省人事・給与情報システム上の債権管理簿（債権発生通知書）を異動先の部隊等の特定分任歳入徴収官等及び公務員宿舎を管理する業務隊長等に送付する。,「３部作成し」を「２部作成し」に変更している点が誤り。正しくは「３部作成し」である。,2026_08_15,m,-,-,-
927,3,中級,会計,陸上自衛隊被服給与規則,陸上自衛隊被服給与規則第5条第2項　前項の公務の遂行による事故とは、次の各号の一に該当し、かつ、当該陸曹等又は生徒が善良な管理者の注意を怠たらなかった場合をいう。 (１) 出動、災害派遣、地震防災派遣及びその他の部隊行動中の事故 (２) 訓練、演習、試験、実験、土木工事その他管理作業中又は爆発物等危険物処理のときの事故 (３) 公務遂行中（公務旅行中を含む。）乗船した艦船の事故、乗車した車両の事故又は搭乗した航空機の事故 (４) 前各号のほか、公務に起因すると認められる事故,陸上自衛隊被服給与規則第5条第2項　前項の公務の遂行による事故とは、次の各号の一に該当し、かつ、当該陸曹等又は生徒が善良な管理者の注意を怠った場合をいう。 (１) 出動、災害派遣、地震防災派遣及びその他の部隊行動中の事故 (２) 訓練、演習、試験、実験、土木工事その他管理作業中又は爆発物等危険物処理のときの事故 (３) 公務遂行中（公務旅行中を含む。）乗船した艦船の事故、乗車した車両の事故又は搭乗した航空機の事故 (４) 前各号のほか、公務に起因すると認められる事故,「善良な管理者の注意を怠たらなかった」を「善良な管理者の注意を怠った」に変更している点が誤り。正しくは「善良な管理者の注意を怠たらなかった」である。,2026_08_15,m,-,-,-
947,1,中級,会計,陸上自衛隊被服給与規則,陸上自衛隊被服給与規則第13条第4項　俸給支給機関の長は、払込代価について裁定したときは、債権管理規則第８条の規定に基づき特定分任歳入徴収官等に債権発生の通知を行わなければならない。,陸上自衛隊被服給与規則第13条第4項　俸給支給機関の長は、払込代価について裁定したときは、債権管理規則第９条の規定に基づき特定分任歳入徴収官等に債権発生の通知を行わなければならない。,「第８条」を「第９条」に変更している点が誤り。正しくは「第８条」である。,2026_08_15,m,-,-,-
967,2,中級,会計,食事の支給及び給食の実施に関する達,食事の支給及び給食の実施に関する達第12条第5項　災害派遣増加食は、隊員が災害派遣、地震防災派遣及び原子力災害派遣に従事した場合に支給する。,食事の支給及び給食の実施に関する達第12条第5項　災害派遣増加食は、隊員が災害派遣及び地震防災派遣に従事した場合に支給する。,「災害派遣、地震防災派遣及び原子力災害派遣」を「災害派遣及び地震防災派遣」に変更している点が誤り。正しくは「災害派遣、地震防災派遣及び原子力災害派遣」である。,2026_08_15,m,-,-,-
987,1,中級,会計,食事の支給及び給食の実施に関する達,食事の支給及び給食の実施に関する達第24条　部外者食券（別紙第６）の発行は、次の各号による。 (１) 視察見学者の食券は、給食実施機関の長が作成し、収入官吏の対価納付済の検印を受けて喫食者に交付する。 (２) 教育訓練を受ける部外者の食券は、教育訓練を担当する部隊等の長が作成し、収入官吏の対価納付済の検印を受けて喫食者に交付する。 (３) 調達に係る作業従事者の食券は、調達要求部隊等の長が作成し、収入官吏の対価納付済の検印を受けて喫食者に交付する。,食事の支給及び給食の実施に関する達第24条　部外者食券（別紙第６）の発行は、次の各号による。 (１) 視察見学者の食券は、給食実施機関の長が作成し、歳入徴収官の対価納付済の検印を受けて喫食者に交付する。 (２) 教育訓練を受ける部外者の食券は、教育訓練を担当する部隊等の長が作成し、収入官吏の対価納付済の検印を受けて喫食者に交付する。 (３) 調達に係る作業従事者の食券は、調達要求部隊等の長が作成し、収入官吏の対価納付済の検印を受けて喫食者に交付する。,「収入官吏の対価納付済の検印」を「歳入徴収官の対価納付済の検印」に変更している点が誤り。正しくは「収入官吏の対価納付済の検印」である。,2026_08_15,m,-,-,-
1007,2,初級,給与,一般職の職員の給与に関する法律,一般職の職員の給与に関する法律第一条　この法律は、別に法律で定めるものを除き、国家公務員法（昭和二十二年法律第百二十号）第六十四条第一項に規定する給与に関する法律として、国家公務員法第二条に規定する一般職に属する職員（以下「職員」という。）の給与に関する事項を定めることを目的とする。２ この法律の規定は、国家公務員法のいかなる条項をも廃止し、若しくは修正し、又はこれに代わるものではない。この法律の規定が国家公務員法の規定に矛盾する場合においては、その規定は、当然その効力を失う。,一般職の職員の給与に関する法律第一条　この法律は、別に法律で定めるものを除き、国家公務員法（昭和二十二年法律第百二十号）第六十四条第二項に規定する給与に関する法律として、国家公務員法第二条に規定する一般職に属する職員（以下「職員」という。）の給与に関する事項を定めることを目的とする。２ この法律の規定は、国家公務員法のいかなる条項をも廃止し、若しくは修正し、又はこれに代わるものではない。この法律の規定が国家公務員法の規定に矛盾する場合においては、その規定は、当然その効力を失う。,「第一項」を「第二項」に変更している点が誤り。正しくは「第一項」である。,2026_08_15,m,-,-,-
1027,1,中級,給与,一般職の職員の給与に関する法律,一般職の職員の給与に関する法律第八条第11項　１２ 国家公務員法第六十条の二第二項に規定する定年前再任用短時間勤務職員（以下「定年前再任用短時間勤務職員」という。）の俸給月額は、当該定年前再任用短時間勤務職員に適用される俸給表の定年前再任用短時間勤務職員の欄に掲げる基準俸給月額のうち、第三項の規定により当該定年前再任用短時間勤務職員の属する職務の級に応じた額に、勤務時間法第五条第二項の規定により定められた当該定年前再任用短時間勤務職員の勤務時間を同条第一項に規定する勤務時間で除して得た数を乗じて得た額とする。,一般職の職員の給与に関する法律第八条第11項　１２ 国家公務員法第六十条の二第二項に規定する定年前再任用短時間勤務職員（以下「定年前再任用短時間勤務職員」という。）の俸給月額は、当該定年前再任用短時間勤務職員に適用される俸給表の定年前再任用短時間勤務職員の欄に掲げる基準俸給月額のうち、第三項の規定により当該定年前再任用短時間勤務職員の属する職務の級に応じた額に、勤務時間法第五条第二項の規定により定められた当該定年前再任用短時間勤務職員の勤務時間を同条第二項に規定する勤務時間で除して得た数を乗じて得た額とする。,「第一項」を「第二項」に変更している点が誤り。正しくは「第一項」である。,2026_08_15,m,-,-,-
1047,1,上級,給与,一般職の職員の給与に関する法律,一般職の職員の給与に関する法律第十一条の八第3項　４ 前三項の規定により広域異動手当を支給されることとなる職員が、第十一条の三から前条までの規定により地域手当を支給される職員である場合における広域異動手当の支給割合は、前三項の規定による広域異動手当の支給割合から当該地域手当の支給割合を減じた割合とする。この場合において、前三項の規定による広域異動手当の支給割合が当該地域手当の支給割合以下であるときは、広域異動手当は、支給しない。,一般職の職員の給与に関する法律第十一条の八第3項　４ 前三項の規定により広域異動手当を支給されることとなる職員が、第十一条の三から前条までの規定により地域手当を支給される職員である場合における広域異動手当の支給割合は、前三項の規定による広域異動手当の支給割合から当該地域手当の支給割合を減じた割合とする。この場合において、前三項の規定による広域異動手当の支給割合が当該地域手当の支給割合以下であるときは、広域異動手当は、支給する。,「支給しない」を「支給する」に変更している点が誤り。正しくは「支給しない」である。,2026_08_15,m,-,-,-
1068,2,中級,給与,一般職の職員の給与に関する法律,一般職の職員の給与に関する法律第十四条第2項　２ 新たに俸給表の適用を受ける職員となつて特地官署又は準特地官署に在勤することとなつたことに伴つて住居を移転した職員、新たに特地官署又は準特地官署に該当することとなつた官署に在勤する職員でその特地官署又は準特地官署に該当することとなつた日前三年以内に当該官署に異動し、当該異動に伴つて住居を移転したものその他前項の規定による手当を支給される職員との権衡上必要があると認められるものとして人事院規則で定める職員には、人事院規則の定めるところにより、同項の規定に準じて、特地勤務手当に準ずる手当を支給する。,一般職の職員の給与に関する法律第十四条第2項　２ 新たに俸給表の適用を受ける職員となつて特地官署又は準特地官署に在勤することとなつたことに伴つて住居を移転した職員、新たに特地官署又は準特地官署に該当することとなつた官署に在勤する職員でその特地官署又は準特地官署に該当することとなつた日前二年以内に当該官署に異動し、当該異動に伴つて住居を移転したものその他前項の規定による手当を支給される職員との権衡上必要があると認められるものとして人事院規則で定める職員には、人事院規則の定めるところにより、同項の規定に準じて、特地勤務手当に準ずる手当を支給する。,「三年以内」を「二年以内」に変更している点が誤り。正しくは「三年以内」である。,2026_08_15,m,-,-,-
1088,1,中級,給与,一般職の職員の給与に関する法律,一般職の職員の給与に関する法律第十九条の四第4項　５ 行政職俸給表（一）の適用を受ける職員でその職務の級が三級以上であるもの、同表及び指定職俸給表以外の各俸給表の適用を受ける職員で職務の複雑、困難及び責任の度等を考慮してこれに相当する職員として当該各俸給表につき人事院規則で定めるもの並びに指定職俸給表の適用を受ける職員については、前項の規定にかかわらず、同項に規定する合計額に、俸給及び専門スタッフ職調整手当の月額並びにこれらに対する地域手当及び広域異動手当の月額並びに俸給の月額に対する研究員調整手当の月額の合計額に官職の職制上の段階、職務の級等を考慮して人事院規則で定める職員の区分に応じて百分の二十を超えない範囲内で人事院規則で定める割合を乗じて得た額（人事院規則で定める管理又は監督の地位にある職員にあつては、その額に俸給月額に百分の二十五を超えない範囲内で人事院規則で定める割合を乗じて得た額を加算した額）を加算した額を第二項の期末手当基礎額とする。,一般職の職員の給与に関する法律第十九条の四第4項　５ 行政職俸給表（一）の適用を受ける職員でその職務の級が三級以上であるもの、同表及び指定職俸給表以外の各俸給表の適用を受ける職員で職務の複雑、困難及び責任の度等を考慮してこれに相当する職員として当該各俸給表につき人事院規則で定めるもの並びに指定職俸給表の適用を受ける職員については、次項の規定にかかわらず、同項に規定する合計額に、俸給及び専門スタッフ職調整手当の月額並びにこれらに対する地域手当及び広域異動手当の月額並びに俸給の月額に対する研究員調整手当の月額の合計額に官職の職制上の段階、職務の級等を考慮して人事院規則で定める職員の区分に応じて百分の二十を超えない範囲内で人事院規則で定める割合を乗じて得た額（人事院規則で定める管理又は監督の地位にある職員にあつては、その額に俸給月額に百分の二十五を超えない範囲内で人事院規則で定める割合を乗じて得た額を加算した額）を加算した額を第二項の期末手当基礎額とする。,「前項」を「次項」に変更している点が誤り。正しくは「前項」である。,2026_08_15,m,-,-,-
1108,2,中級,給与,一般職の職員の給与に関する法律,一般職の職員の給与に関する法律第二十二条第2項　２ 前項に定める職員以外の常勤を要しない職員については、各庁の長は、常勤の職員の給与との権衡を考慮し、予算の範囲内で、給与を支給する。,一般職の職員の給与に関する法律第二十二条第2項　２ 前項に定める職員以外の常勤を要しない職員については、各庁の長は、常勤の職員の給与との権衡を考慮し、予算の範囲内で、給与を支給しない。,「支給する」を「支給しない」に変更している点が誤り。正しくは「支給する」である。,2026_08_15,m,-,-,-
1128,1,中級,給与,防衛省の職員の給与等に関する法律,防衛省の職員の給与等に関する法律第四条の二第1項　事務官等（特定任期付職員、第一号任期付研究員及び第二号任期付研究員を除く。）の職務は、別表第一並びに一般職給与法別表第一、別表第五、別表第六イ、別表第七、別表第八及び別表第十に定める職務の級又は一般職給与法別表第十一に定める号俸に分類するものとし、その分類の基準となるべき標準的な職務の内容は、政令で定める。,防衛省の職員の給与等に関する法律第四条の二第1項　事務官等（特定任期付職員、第一号任期付研究員及び第二号任期付研究員を除く。）の職務は、別表第一並びに一般職給与法別表第一、別表第五、別表第六イ、別表第七、別表第八及び別表第十に定める職務の級又は一般職給与法別表第十一に定める号俸に分類するものとし、その分類の基準となるべき標準的な職務の内容は、防衛省令で定める。,「政令で定める」を「防衛省令で定める」に変更している点が誤り。正しくは「政令で定める」である。,2026_08_15,m,-,-,-
1148,1,中級,給与,防衛省の職員の給与等に関する法律,防衛省の職員の給与等に関する法律第十一条第2項　前項の場合において、職員が勤務しないときは、政令で定めるところにより特に勤務したものとみなされる場合の外、政令で定めるところにより、俸給を減額して支給する。,防衛省の職員の給与等に関する法律第十一条第2項　前項の場合において、職員が勤務しないときは、防衛省令で定めるところにより特に勤務したものとみなされる場合の外、政令で定めるところにより、俸給を減額して支給する。,「政令で定める」を「防衛省令で定める」に変更している点が誤り。正しくは「政令で定める」である。,2026_08_15,m,-,-,-
1168,1,初級,給与,防衛省の職員の給与等に関する法律,防衛省の職員の給与等に関する法律第十八条第2項　前項の営外手当の額は、月額七千二百七十円とする。,防衛省の職員の給与等に関する法律第十八条第2項　前項の営外手当の額は、月額七千五百円とする。,「七千二百七十円」を「七千五百円」に変更している点が誤り。正しくは「七千二百七十円」である。,2026_08_15,m,-,-,-
1188,2,中級,給与,防衛省の職員の給与等に関する法律,防衛省の職員の給与等に関する法律第二十二条第13項　防衛大臣は、前二項の規定による措置に関し必要があると認めるときは、その必要と認められる範囲内において、第九項若しくは第十項の規定に違反していると認めるに足りる相当の理由がある者に対し、必要な事項に関し報告を求め、又は職員をして当該者の事務所若しくは事業所に立ち入つて質問し、若しくは帳簿書類その他の物件を検査させることができる。,防衛省の職員の給与等に関する法律第二十二条第13項　内閣総理大臣は、前二項の規定による措置に関し必要があると認めるときは、その必要と認められる範囲内において、第九項若しくは第十項の規定に違反していると認めるに足りる相当の理由がある者に対し、必要な事項に関し報告を求め、又は職員をして当該者の事務所若しくは事業所に立ち入つて質問し、若しくは帳簿書類その他の物件を検査させることができる。,「防衛大臣」を「内閣総理大臣」に変更している点が誤り。正しくは「防衛大臣」である。,2026_08_15,m,-,-,-
1208,1,初級,給与,防衛省の職員の給与等に関する法律,防衛省の職員の給与等に関する法律第二十四条の二第3項　第一項の単身赴任手当の支給については、一般職給与法第十二条の二の規定を準用する。この場合において、同条中「人事院規則」とあるのは「政令」と、同条第三項中「俸給表の適用を受ける職員」とあるのは「自衛官候補生」と読み替えるものとする。,防衛省の職員の給与等に関する法律第二十四条の二第3項　第一項の単身赴任手当の支給については、一般職給与法第十二条の二の規定を適用しない。この場合において、同条中「人事院規則」とあるのは「政令」と、同条第三項中「俸給表の適用を受ける職員」とあるのは「自衛官候補生」と読み替えるものとする。,「準用する」を「適用しない」に変更している点が誤り。正しくは「準用する」である。,2026_08_15,m,-,-,-
1229,2,中級,給与,防衛省の職員の給与等に関する法律,防衛省の職員の給与等に関する法律第二十五条の二第3項　第一項の期末手当の支給については、一般職の国家公務員の例による。この場合において、一般職給与法第十九条の四第二項中「百分の百二十六・二五」とあるのは「百分の百七十五」と、同条第四項中「職員が受けるべき俸給、専門スタッフ職調整手当及び扶養手当の月額並びにこれらに対する地域手当及び広域異動手当の月額並びに俸給及び扶養手当の月額に対する研究員調整手当の月額の合計額」とあるのは「生徒が受けるべき生徒手当の月額」とする。,防衛省の一般職の職員の給与等に関する法律第二十五条の二第3項　第一項の期末手当の支給については、一般職の国家公務員の例による。この場合において、一般職給与法第十九条の四第二項中「百分の百二十六・二五」とあるのは「百分の百七十五」と、同条第四項中「職員が受けるべき俸給、専門スタッフ職調整手当及び扶養手当の月額並びにこれらに対する地域手当及び広域異動手当の月額並びに俸給及び扶養手当の月額に対する研究員調整手当の月額の合計額」とあるのは「生徒が受けるべき生徒手当の月額」とする。,「職員」を「一般職の職員」に変更している点が誤り。正しくは「職員」である。,2026_08_15,m,-,-,-
1249,1,上級,給与,防衛省の職員の給与等に関する法律,防衛省の職員の給与等に関する法律第二十七条の四第4項　前三項に規定する所得金額は、所得税法（昭和四十年法律第三十三号）第二十七条第二項に規定する事業所得の金額と同法第二十八条第二項に規定する給与所得の金額との合計額を同項に規定する給与所得の金額と仮定した場合において当該金額の計算の基礎となるべき同項に規定する給与等の収入金額に相当する金額とする。ただし、退職の翌年の途中から就業した若年定年退職者その他の政令で定める者については、その金額を基礎として政令で定めるところにより計算した金額とする。,防衛省の職員の給与等に関する法律第二十七条の四第4項　前三項に規定する所得金額は、所得税法（昭和四十年法律第三十三号）第二十七条第二項に規定する事業所得の金額と同法第二十八条第二項に規定する給与所得の金額との合計額を同項に規定する給与所得の金額と仮定した場合において当該金額の計算の基礎となるべき同項に規定する給与等の収入金額に相当する金額とする。ただし、退職の翌年の途中から就業した若年定年退職者その他の防衛省令で定める者については、その金額を基礎として政令で定めるところにより計算した金額とする。,「政令で定める」を「防衛省令で定める」に変更している点が誤り。正しくは「政令で定める」である。,2026_08_15,m,-,-,-
1269,2,上級,給与,防衛省の職員の給与等に関する法律,防衛省の職員の給与等に関する法律第二十七条の九第3項　行政手続法（平成五年法律第八十八号）第三章第二節（第二十八条を除く。）の規定は、前項の規定による意見の聴取について準用する。,防衛省の職員の給与等に関する法律第二十七条の九第3項　行政手続法（平成五年法律第八十八号）第三章第二節（第二十八条を除く。）の規定は、前項の規定による意見の聴取について適用しない。,「準用する」を「適用しない」に変更している点が誤り。正しくは「準用する」である。,2026_08_15,m,-,-,-
1289,3,上級,給与,防衛省の職員の給与等に関する法律,防衛省の職員の給与等に関する法律第二十七条の十二第2項　前項の規定による支払差止処分を受けた者は、行政不服審査法第十八条第一項本文に規定する期間が経過した後においては、当該支払差止処分後の事情の変化を理由に、支払差止処分を行つた給付金管理者に対し、その取消しを申し立てることができる。,防衛省の職員の給与等に関する法律第二十七条の十二第2項　前項の規定による支払差止処分を受けた者は、行政不服審査法第十八条第一項本文に規定する期間が経過した後においては、当該支払差止処分後の事情の変化を理由に、支払差止処分を行つた給付金管理者に対し、その取消しを申し立てることがしなければならない。,「できる」を「しなければならない」に変更している点が誤り。正しくは「できる」である。,2026_08_15,m,-,-,-
1309,2,中級,給与,防衛省の職員の給与等に関する法律,防衛省の職員の給与等に関する法律第二十七条の十四第2項　前項の規定による給付金の支給を受けるべき遺族の順位は、同項に規定する順序とする。,防衛省の一般職の職員の給与等に関する法律第二十七条の十四第2項　前項の規定による給付金の支給を受けるべき遺族の順位は、同項に規定する順序とする。,「職員」を「一般職の職員」に変更している点が誤り。正しくは「職員」である。,2026_08_15,m,-,-,-
1329,2,上級,給与,防衛省の職員の給与等に関する法律,防衛省の職員の給与等に関する法律第二十八条の二第5項　国家公務員退職手当法第七条第二項及び第四項の規定は、前項ただし書に規定する自衛官としての在職期間の計算について準用する。この場合において、同条第二項中「職員となつた日」とあるのは「学生又は生徒としての正規の課程を終了し、引き続いて自衛官に任用された日」と、「退職した日」とあるのは「事務官等となつた日又は退職した日」と、同条第四項中「前三項の規定による」とあるのは「防衛省の職員の給与等に関する法律第二十八条の二第五項において準用する第二項の規定による」と、「月数（国家公務員法第百八条の六第一項ただし書若しくは行政執行法人の労働関係に関する法律（昭和二十三年法律第二百五十七号）第七条第一項ただし書に規定する事由又はこれらに準ずる事由により現実に職務をとることを要しなかつた期間については、その月数）を前三項」とあるのは「月数を同項」と読み替えるものとする。,防衛省の職員の給与等に関する法律第二十八条の二第5項　国家公務員退職手当法第七条第二項及び第四項の規定は、前項ただし書に規定する自衛官としての在職期間の計算について適用しない。この場合において、同条第二項中「職員となつた日」とあるのは「学生又は生徒としての正規の課程を終了し、引き続いて自衛官に任用された日」と、「退職した日」とあるのは「事務官等となつた日又は退職した日」と、同条第四項中「前三項の規定による」とあるのは「防衛省の職員の給与等に関する法律第二十八条の二第五項において準用する第二項の規定による」と、「月数（国家公務員法第百八条の六第一項ただし書若しくは行政執行法人の労働関係に関する法律（昭和二十三年法律第二百五十七号）第七条第一項ただし書に規定する事由又はこれらに準ずる事由により現実に職務をとることを要しなかつた期間については、その月数）を前三項」とあるのは「月数を同項」と読み替えるものとする。,「準用する」を「適用しない」に変更している点が誤り。正しくは「準用する」である。,2026_08_15,m,-,-,-
1349,1,上級,給与,国家公務員退職手当法,国家公務員退職手当法第六条の四第1項　退職した者に対する退職手当の調整額は、その者の基礎在職期間（第五条の二第二項に規定する基礎在職期間をいう。以下同じ。）の初日の属する月からその者の基礎在職期間の末日の属する月までの各月（国家公務員法第七十九条の規定による休職（公務上の傷病による休職、通勤による傷病による休職、職員を政令で定める法人その他の団体の業務に従事させるための休職及び当該休職以外の休職であつて職員を当該職員の職務に密接な関連があると認められる学術研究その他の業務に従事させるためのもので当該業務への従事が公務の能率的な運営に特に資するものとして政令で定める要件を満たすものを除く。）、同法第八十二条の規定による停職その他これらに準ずる事由により現実に職務をとることを要しない期間のある月（現実に職務をとることを要する日のあつた月を除く。以下「休職月等」という。）のうち政令で定めるものを除く。）ごとに当該各月にその者が属していた次の各号に掲げる職員の区分に応じて当該各号に定める額（以下「調整月額」という。）のうちその額が最も多いものから順次その順位を付し、その第一順位から第六十順位までの調整月額（当該各月の月数が六十月に満たない場合には、当該各月の調整月額）を合計した額とする。一 第一号区分 九万五千四百円二 第二号区分 七万八千七百五十円三 第三号区分 七万四百円四 第四号区分 六万五千円五 第五号区分 五万九千五百五十円六 第六号区分 五万四千百五十円七 第七号区分 四万三千三百五十円八 第八号区分 三万二千五百円九 第九号区分 二万七千百円十 第十号区分 二万千七百円十一 第十一号区分 零２ 退職した者の基礎在職期間に第五条の二第二項第二号から第七号までに掲げる期間が含まれる場合における前項の規定の適用については、その者は、政令で定めるところにより、当該期間において職員として在職していたものとみなす。,国家公務員退職手当法第六条の四第1項　退職した者に対する退職手当の調整額は、その者の基礎在職期間（第五条の二第二項に規定する基礎在職期間をいう。以下同じ。）の初日の属する月からその者の基礎在職期間の末日の属する月までの各月（国家公務員法第七十九条の規定による休職（公務上の傷病による休職、通勤による傷病による休職、職員を政令で定める法人その他の団体の業務に従事させるための休職又は当該休職以外の休職であつて職員を当該職員の職務に密接な関連があると認められる学術研究その他の業務に従事させるためのもので当該業務への従事が公務の能率的な運営に特に資するものとして政令で定める要件を満たすものを除く。）、同法第八十二条の規定による停職その他これらに準ずる事由により現実に職務をとることを要しない期間のある月（現実に職務をとることを要する日のあつた月を除く。以下「休職月等」という。）のうち政令で定めるものを除く。）ごとに当該各月にその者が属していた次の各号に掲げる職員の区分に応じて当該各号に定める額（以下「調整月額」という。）のうちその額が最も多いものから順次その順位を付し、その第一順位から第六十順位までの調整月額（当該各月の月数が六十月に満たない場合には、当該各月の調整月額）を合計した額とする。一 第一号区分 九万五千四百円二 第二号区分 七万八千七百五十円三 第三号区分 七万四百円四 第四号区分 六万五千円五 第五号区分 五万九千五百五十円六 第六号区分 五万四千百五十円七 第七号区分 四万三千三百五十円八 第八号区分 三万二千五百円九 第九号区分 二万七千百円十 第十号区分 二万千七百円十一 第十一号区分 零２ 退職した者の基礎在職期間に第五条の二第二項第二号から第七号までに掲げる期間が含まれる場合における前項の規定の適用については、その者は、政令で定めるところにより、当該期間において職員として在職していたものとみなす。,「及び」を「又は」に変更している点が誤り。正しくは「及び」である。,2026_08_15,m,-,-,-
1369,3,上級,給与,国家公務員退職手当法,国家公務員退職手当法第八条の二第2項　３ 次に掲げる者以外の職員は、内閣官房令で定めるところにより、募集の期間中いつでも応募し、第八項第三号に規定する退職すべき期日が到来するまでの間いつでも応募の取下げを行うことができる。一 第二条第二項の規定により職員とみなされる者二 臨時的に任用される職員その他の法律により任期を定めて任用される者三 前項に規定する退職すべき期日又は同項に規定する退職すべき期間の末日が到来するまでに定年に達する者四 国家公務員法第八十二条の規定による懲戒処分（管理又は監督に係る職務を怠つた場合における処分で政令で定めるものを除く。）又はこれに準ずる処分を募集の開始の日において受けている者又は募集の期間中に受けた者４ 前項の規定による応募（以下この条において単に「応募」という。）又は応募の取下げは職員の自発的な意思に委ねられるものであつて、各省各庁の長等は職員に対しこれらを強制してはならない。,国家公務員退職手当法第八条の二第2項　３ 次に掲げる者以外の職員は、内閣官房令で定めるところにより、募集の期間中いつでも応募し、第八項第三号に規定する退職すべき期日が到来するまでの間いつでも応募の取下げを行うことができる。一 第二条第二項の規定により職員とみなされる者二 臨時的に任用される職員その他の法律により任期を定めて任用される者三 前項に規定する退職すべき期日及び同項に規定する退職すべき期間の末日が到来するまでに定年に達する者四 国家公務員法第八十二条の規定による懲戒処分（管理又は監督に係る職務を怠つた場合における処分で政令で定めるものを除く。）又はこれに準ずる処分を募集の開始の日において受けている者又は募集の期間中に受けた者４ 前項の規定による応募（以下この条において単に「応募」という。）又は応募の取下げは職員の自発的な意思に委ねられるものであつて、各省各庁の長等は職員に対しこれらを強制してはならない。,「又は」を「及び」に変更している点が誤り。正しくは「又は」である。,2026_08_15,m,-,-,-
1390,1,上級,給与,国家公務員退職手当法,国家公務員退職手当法第十三条第3項　３ 死亡による退職をした者の遺族（退職をした者（死亡による退職の場合には、その遺族）が当該退職に係る一般の退職手当等の額の支払を受ける前に死亡したことにより当該一般の退職手当等の額の支払を受ける権利を承継した者を含む。以下この項において同じ。）に対しまだ当該一般の退職手当等の額が支払われていない場合において、前項第二号に該当するときは、当該退職に係る退職手当管理機関は、当該遺族に対し、当該一般の退職手当等の額の支払を差し止める処分を行うことができる。,国家公務員退職手当法第十三条第3項　３ 死亡による退職をした者の遺族（退職をした者（死亡による退職の場合には、その遺族）が当該退職に係る一般の給与等の額の支払を受ける前に死亡したことにより当該一般の退職手当等の額の支払を受ける権利を承継した者を含む。以下この項において同じ。）に対しまだ当該一般の退職手当等の額が支払われていない場合において、前項第二号に該当するときは、当該退職に係る退職手当管理機関は、当該遺族に対し、当該一般の退職手当等の額の支払を差し止める処分を行うことができる。,「退職手当」を「給与」に変更している点が誤り。正しくは「退職手当」である。,2026_08_15,m,-,-,-
1410,1,上級,給与,国家公務員退職手当法,国家公務員退職手当法第十六条第2項　２ 第十二条第二項並びに前条第二項及び第四項の規定は、前項の規定による処分について準用する。,国家公務員退職手当法第十六条第2項　２ 第十二条第二項並びに前条第二項又は第四項の規定は、前項の規定による処分について準用する。,「及び」を「又は」に変更している点が誤り。正しくは「及び」である。,2026_08_15,m,-,-,-
1430,2,中級,給与,国家公務員退職手当法,国家公務員退職手当法第二十条第1項　職員が退職した場合（第十二条第一項各号のいずれかに該当する場合を除く。）において、その者が退職の日又はその翌日に再び職員となつたときは、この法律の規定による退職手当は、支給しない。,国家公務員退職手当法第二十条第1項　職員が退職した場合（第十二条第一項各号のいずれかに該当する場合を除く。）において、その者が退職の日又はその翌日に再び職員となつたときは、この法律の規定による退職手当は、支給する。,「支給しない」を「支給する」に変更している点が誤り。正しくは「支給しない」である。,2026_08_15,m,-,-,-
1450,1,中級,給与,所得税法,所得税法第30条第3項　前項に規定する退職所得控除額は、次の各号に掲げる場合の区分に応じ当該各号に定める金額とする。一　政令で定める勤続年数（以下この項及び第七項において「勤続年数」という。）が二十年以下である場合　四十万円に当該勤続年数を乗じて計算した金額二　勤続年数が二十年を超える場合　八百万円と七十万円に当該勤続年数から二十年を控除した年数を乗じて計算した金額との合計額,所得税法第30条第3項　前項に規定する給与所得控除額は、次の各号に掲げる場合の区分に応じ当該各号に定める金額とする。一　政令で定める勤続年数（以下この項及び第七項において「勤続年数」という。）が二十年以下である場合　四十万円に当該勤続年数を乗じて計算した金額二　勤続年数が二十年を超える場合　八百万円と七十万円に当該勤続年数から二十年を控除した年数を乗じて計算した金額との合計額,「退職所得」を「給与所得」に変更している点が誤り。正しくは「退職所得」である。,2026_08_15,m,-,-,-
1470,1,上級,給与,所得税法,所得税法第81条　居住者がひとり親である場合には、その者のその年分の総所得金額、退職所得金額又は山林所得金額から三十五万円を控除する。２　前項の規定による控除は、ひとり親控除という。（勤労学生控除）,所得税法第81条　非居住者がひとり親である場合には、その者のその年分の総所得金額、退職所得金額又は山林所得金額から三十五万円を控除する。２　前項の規定による控除は、ひとり親控除という。（勤労学生控除）,「居住者」を「非居住者」に変更している点が誤り。正しくは「居住者」である。,2026_08_15,m,-,-,-
1490,1,上級,給与,所得税法,所得税法第186条第2項　賞与の支払者がその支払を受ける居住者に対し前月中に支払つた又は支払うべき通常の給与等がある場合において、その賞与の金額が前月中に支払つた又は支払うべき通常の給与等の金額の十倍に相当する金額を超えるときは、当該賞与について第百八十三条第一項の規定により徴収すべき所得税の額は、次の各号に掲げる賞与の区分に応じ当該各号に定める税額とする。一　給与所得者の扶養控除等申告書を提出した居住者に対し、その提出の際に経由した給与等の支払者が支払う賞与　その賞与の金額の六分の一に相当する金額と当該通常の給与等の金額との合計額並びに給与所得者の扶養控除等申告書に記載された主たる給与等に係る源泉控除対象配偶者及び源泉控除対象親族の有無及びその数に応ずる別表第二の甲欄に掲げる税額と当該通常の給与等の金額並びに当該申告書に記載された主たる給与等に係る源泉控除対象配偶者及び源泉控除対象親族の有無及びその数に応ずる別表第二の甲欄に掲げる税額との差額に六を乗じて計算した金額に相当する税額二　前号に掲げる賞与以外の賞与　その賞与の金額の六分の一に相当する金額と当該通常の給与等の金額との合計額に応ずる別表第二の乙欄に掲げる税額と当該通常の給与等の金額に応ずる別表第二の乙欄に掲げる税額との差額に六を乗じて計算した金額に相当する税額,所得税法第186条第2項　賞与の支払者がその支払を受ける非居住者に対し前月中に支払つた又は支払うべき通常の給与等がある場合において、その賞与の金額が前月中に支払つた又は支払うべき通常の給与等の金額の十倍に相当する金額を超えるときは、当該賞与について第百八十三条第一項の規定により徴収すべき所得税の額は、次の各号に掲げる賞与の区分に応じ当該各号に定める税額とする。一　給与所得者の扶養控除等申告書を提出した居住者に対し、その提出の際に経由した給与等の支払者が支払う賞与　その賞与の金額の六分の一に相当する金額と当該通常の給与等の金額との合計額並びに給与所得者の扶養控除等申告書に記載された主たる給与等に係る源泉控除対象配偶者及び源泉控除対象親族の有無及びその数に応ずる別表第二の甲欄に掲げる税額と当該通常の給与等の金額並びに当該申告書に記載された主たる給与等に係る源泉控除対象配偶者及び源泉控除対象親族の有無及びその数に応ずる別表第二の甲欄に掲げる税額との差額に六を乗じて計算した金額に相当する税額二　前号に掲げる賞与以外の賞与　その賞与の金額の六分の一に相当する金額と当該通常の給与等の金額との合計額に応ずる別表第二の乙欄に掲げる税額と当該通常の給与等の金額に応ずる別表第二の乙欄に掲げる税額との差額に六を乗じて計算した金額に相当する税額,「居住者」を「非居住者」に変更している点が誤り。正しくは「居住者」である。,2026_08_15,m,-,-,-
1510,1,上級,給与,所得税法,所得税法第195条第6項　第一項又は第三項の規定による申告書は、従たる給与についての扶養控除等申告書という。（給与所得者の配偶者控除等申告書）,所得税法第195条第6項　第一項又は第三項の規定による申告書は、従たる給与についての扶養控除等申告書という。（事業所得者の配偶者控除等申告書）,「給与所得」を「事業所得」に変更している点が誤り。正しくは「給与所得」である。,2026_08_15,m,-,-,-
1530,1,中級,給与,所得税法,所得税法第226条第4項　第一項の給与等、第二項の退職手当等又は前項の公的年金等の支払をする者は、これらの規定による源泉徴収票の交付に代えて、政令で定めるところにより、当該給与等、退職手当等又は公的年金等の支払を受ける者の承諾を得て、当該源泉徴収票に記載すべき事項を電磁的方法により提供することができる。ただし、当該給与等、退職手当等又は公的年金等の支払を受ける者の請求があるときは、当該源泉徴収票を当該給与等、退職手当等又は公的年金等の支払を受ける者に交付しなければならない。,所得税法第226条第4項　第一項の給与等、第二項の退職手当等又は前項の公的年金等の支払をする者は、これらの規定による源泉徴収票の交付に代えて、政令で定めるところにより、当該給与等、退職手当等又は公的年金等の支払を受ける者の承諾を得て、当該源泉徴収票に記載すべき事項を電磁的方法により提供することができる。ただし、当該給与等、退職手当等又は公的年金等の支払を受ける者の請求があるときは、当該源泉徴収票を当該給与等、退職手当等又は公的年金等の支払を受ける者に交付することができる。,「しなければならない」を「することができる」に変更している点が誤り。正しくは「しなければならない」である。,2026_08_15,m,-,-,-
1551,1,上級,給与,防衛省の職員の給与等に関する法律施行令,防衛省の職員の給与等に関する法律施行令第六条の七第2項　２前項の規定は、自衛隊教官又は自衛官が一級下位の職務の級又は階級へ降格又は降任をした場合について適用し、自衛官が二級以上下位の階級へ降任をした場合については、一級下位の階級への降任が順次行われたものとして、同項の規定を適用する。,防衛省の職員の給与等に関する法律施行令第六条の七第2項　２前項の規定は、自衛隊教官又は自衛官が一級下位の職務の級又は階級へ降格又は昇任をした場合について適用し、自衛官が二級以上下位の階級へ降任をした場合については、一級下位の階級への降任が順次行われたものとして、同項の規定を適用する。,「降任」を「昇任」に変更している点が誤り。正しくは「降任」である。,2026_08_15,m,-,-,-
1571,1,上級,給与,防衛省の職員の給与等に関する法律施行令,防衛省の職員の給与等に関する法律施行令第八条の三第1項　第八条の三法第十一条の三第一項に規定する政令で指定する官職は、別表第三の上欄に掲げる組織の区分に応じそれぞれ同表の中欄に掲げる官職とする。,防衛省の職員の給与等に関する法律施行令第八条の三第1項　第八条の三法第十一条の三第二項に規定する政令で指定する官職は、別表第三の上欄に掲げる組織の区分に応じそれぞれ同表の中欄に掲げる官職とする。,「第一項」を「第二項」に変更している点が誤り。正しくは「第一項」である。,2026_08_15,m,-,-,-
1591,1,上級,給与,防衛省の職員の給与等に関する法律施行令,防衛省の職員の給与等に関する法律施行令第九条の二第3項　３法第十四条第二項において準用する一般職給与法第十一条の六第一項に規定する政令で定める移転は、まち・ひと・しごと創生法（平成二十六年法律第百三十六号）第八条に規定するまち・ひと・しごと創生総合戦略（次項において「創生総合戦略」という。）に基づく官署の移転とする。,防衛省の職員の給与等に関する法律施行令第九条の二第3項　３法第十四条第二項において準用する一般職給与法第十一条の六第二項に規定する政令で定める移転は、まち・ひと・しごと創生法（平成二十六年法律第百三十六号）第八条に規定するまち・ひと・しごと創生総合戦略（次項において「創生総合戦略」という。）に基づく官署の移転とする。,「第一項」を「第二項」に変更している点が誤り。正しくは「第一項」である。,2026_08_15,m,-,-,-
1611,1,上級,給与,防衛省の職員の給与等に関する法律施行令,防衛省の職員の給与等に関する法律施行令第十条の四第3項　３法第十四条第二項において準用する一般職給与法第十七条に規定する政令で定める割合については、一般職に属する国家公務員の例による。,防衛省の職員の給与等に関する法律施行令第十条の四第3項　３法第十四条第二項において準用する一般職給与法第十七条に規定する政令で定める割合については、防衛大臣の定めるところによる。,「一般職に属する国家公務員の例による」を「防衛大臣の定めるところによる」に変更している点が誤り。正しくは「一般職に属する国家公務員の例による」である。,2026_08_15,m,-,-,-
1631,1,上級,給与,防衛省の職員の給与等に関する法律施行令,防衛省の職員の給与等に関する法律施行令第十二条の三第3項　３乗組員の乗り組んでいる艦船が同一の日において二以上の航海を行つた場合における航海手当の日額は、それぞれの航海に係る第一項ただし書、同項各号又は前項による日額のうち、最も多い額とする。,防衛省の職員の給与等に関する法律施行令第十二条の三第3項　３乗組員の乗り組んでいる艦船が同一の日において二以上の航海を行つた場合における航空手当の日額は、それぞれの航海に係る第一項ただし書、同項各号又は前項による日額のうち、最も多い額とする。,「航海手当」を「航空手当」に変更している点が誤り。正しくは「航海手当」である。,2026_08_15,m,-,-,-
1651,1,上級,給与,防衛省の職員の給与等に関する法律施行令,防衛省の職員の給与等に関する法律施行令第十七条の十の二第6項　６第四項の適用を受ける自衛官候補生以外の自衛官候補生であつて、同項に規定する第二種初任給調整手当を支給される者との権衡上必要があるものとして防衛大臣の定めるものには、防衛大臣の定めるところにより、前二項の規定に準じて、第二種初任給調整手当を支給する。,防衛省の職員の給与等に関する法律施行令第十七条の十の二第6項　６第四項の適用を受ける自衛官候補生以外の自衛官候補生であつて、同項に規定する第二種初任給調整手当を支給される者との権衡上必要があるものとして防衛大臣の定めるものには、防衛大臣の定めるところにより、前二項の規定に準じて、第二種初任給調整手当を支給しない。,「支給する」を「支給しない」に変更している点が誤り。正しくは「支給する」である。,2026_08_15,m,-,-,-
1671,1,中級,給与,防衛省の職員の給与等に関する法律施行令,防衛省の職員の給与等に関する法律施行令第十八条の二第2項　２前条第二項から第六項までの規定は、生徒手当の支給について準用する。この場合において、同条第四項中「防衛大学校又は防衛医科大学校の長」とあるのは、「陸上自衛隊高等工科学校の校長」と読み替えるものとする。,防衛省の職員の給与等に関する法律施行令第十八条の二第2項　２前条第二項から第六項までの規定は、学生手当の支給について準用する。この場合において、同条第四項中「防衛大学校又は防衛医科大学校の長」とあるのは、「陸上自衛隊高等工科学校の校長」と読み替えるものとする。,「生徒手当」を「学生手当」に変更している点が誤り。正しくは「生徒手当」である。,2026_08_15,m,-,-,-
1691,1,初級,給与,寒冷地手当支給規則,寒冷地手当支給規則第2条　第二条　法第二条第一項の表の「世帯主である職員」とは、主としてその収入によつて世帯の生計を支えている職員で次に掲げるものをいう。 一　扶養親族（職員の配偶者（届出をしないが事実上婚姻関係と同様の事情にある者を含む。）で他に生計の途がなく主として当該職員の扶養を受けているもの及び一般職の職員の給与に関する法律（昭和二十五年法律第九十五号。以下「一般職給与法」という。）第十一条第二項に規定する扶養親族をいう。以下同じ。）を有する者 二　扶養親族を有しないが、居住のため、一戸を構えている者又は下宿、寮等の一部屋を専用している者,寒冷地手当支給規則第2条　第二条　法第二条第一項の表の「世帯主である職員」とは、専らその収入によつて世帯の生計を支えている職員で次に掲げるものをいう。 一　扶養親族（職員の配偶者（届出をしないが事実上婚姻関係と同様の事情にある者を含む。）で他に生計の途がなく主として当該職員の扶養を受けているもの及び一般職の職員の給与に関する法律（昭和二十五年法律第九十五号。以下「一般職給与法」という。）第十一条第二項に規定する扶養親族をいう。以下同じ。）を有する者 二　扶養親族を有しないが、居住のため、一戸を構えている者又は下宿、寮等の一部屋を専用している者,「主としてその収入によつて」を「専らその収入によつて」に変更している点が誤り。正しくは「主としてその収入によつて」である。,2026_08_15,m,-,-,-
1712,1,上級,給与,防衛省の職員に対する寒冷地手当支給規則,防衛省の職員に対する寒冷地手当支給規則第9条第3項　３　基準日から引き続いて第七条各号に掲げる職員のいずれかに該当している支給対象職員が、支給日（防衛省の職員の給与等に関する法律第十一条第一項ただし書の規定により俸給を支給する場合にあつては、当該基準日の属する月における先の支給日）後に復職等をした場合には、当該基準日に係る寒冷地手当をその際支給する。,防衛省の職員に対する寒冷地手当支給規則第9条第3項　３　基準日から引き続いて第七条各号に掲げる職員のいずれかに該当している支給対象職員が、支給日（防衛省の職員の給与等に関する法律第十一条第一項ただし書の規定により俸給を支給する場合にあつては、当該基準日の属する月における後の支給日）後に復職等をした場合には、当該基準日に係る寒冷地手当をその際支給する。,「先の支給日」を「後の支給日」に変更している点が誤り。正しくは「先の支給日」である。,2026_08_15,m,-,-,-
1732,1,初級,給与,防衛省職員給与簿等規則,防衛省職員給与簿等規則第1条　防衛省の職員（一般職に属する職員、予備自衛官、即応予備自衛官、予備自衛官補、防衛大学校又は防衛医科大学校の学生（防衛省の職員の給与等に関する法律（昭和27年法律第266号）第４条第１項の学生をいう。）、生徒（同項の生徒をいう。）及び非常勤の者を除く。以下「職員」という。）の給与は、この訓令の定めるところにより、給与簿を作成して支払わなければならない。,防衛省職員給与簿等規則第1条　防衛省の職員（一般職に属する職員、予備自衛官、即応予備自衛官、予備自衛官補、防衛大学校又は防衛医科大学校の学生（防衛省の職員の給与等に関する法律（昭和27年法律第266号）第４条第１項の学生をいう。）、生徒（同項の生徒をいう。）及び非常勤の者を除く。以下「職員」という。）の給与は、この訓令の定めるところにより、給与簿を作成して支払うことができる。,「給与簿を作成して支払わなければならない」を「給与簿を作成して支払うことができる」に変更している点が誤り。正しくは「給与簿を作成して支払わなければならない」である。,2026_08_15,m,-,-,-
1752,3,上級,給与,防衛省職員給与簿等規則,防衛省職員給与簿等規則第17条　この訓令に定めるもののほか、給与簿、出勤簿、給与支給明細書及び自衛官任用一時金管理簿の様式その他細部に関し必要な事項は、陸上幕僚長、海上幕僚長又は航空幕僚長が定める。,防衛省職員給与簿等規則第17条　この訓令に定めるもののほか、給与簿、出勤簿、給与支給明細書及び自衛官任用一時金管理簿の様式その他細部に関し必要な事項は、防衛事務次官が定める。,「陸上幕僚長、海上幕僚長又は航空幕僚長」を「防衛事務次官」に変更している点が誤り。正しくは「陸上幕僚長、海上幕僚長又は航空幕僚長」である。,2026_08_15,m,-,-,-
1772,2,中級,給与,防衛省職員給与施行細則,防衛省職員給与施行細則第6条　令第１５条第１項の規定により食事を支給することができる場合は、次の各号に掲げる者が当該各号に定める事由に該当している場合とする。⑴自衛隊法施行規則第５５条の規定により営舎内に居住することを命ぜられている幹部自衛官並びに准陸尉、准海尉及び准空尉たる自衛官営舎内に居住しているとき⑵幹部自衛官並びに准陸尉、准海尉及び准空尉たる自衛官（前号に規定する者を除く。）並びに自衛隊法施行規則第５１条ただし書の規定により営舎外に居住している陸曹長以下の陸上自衛官（以下「陸曹長等」という。）、海曹長以下の海上自衛官（以下「海曹長等」という。）及び空曹長以下の航空自衛官（以下「空曹長等」という。）その職務を遂行するに当たり食事を支給することが必要であると俸給支給機関の長がその都度認めたとき⑶隔遠の地に所在する部隊等又は交通の著しく不便若しくは困難な部隊等に勤務する事務官等及び特殊な勤務に従事する事務官等のうち、防衛大臣の指定するものその職務を遂行するに当たり食事を支給することが必要であると俸給支給機関の長がそのつど認めたとき⑷防衛医科大学校医学教育部看護学科において防衛省設置法（昭和２９年法律第１６４号）第１６条第１項第３号に規定する教育訓練を受けている者その教育訓練を受けるに当たり食事を支給することが必要であると俸給支給機関の長が認めたとき２令第１５条第２項に規定する防衛大臣の定める金額は、１食につき朝食にあつては３３３円、昼食にあつては４４８円、夕食にあつては４１７円とする。,防衛省職員給与施行細則第6条　令第１５条第１項の規定により食事を支給することができる場合は、次の各号に掲げる者が当該各号に定める事由に該当している場合とする。⑴自衛隊法施行規則第５５条の規定により営舎内に居住することを命ぜられている幹部自衛官並びに准陸尉、准海尉及び准空尉たる自衛官営舎内に居住しているとき⑵幹部自衛官並びに准陸尉、准海尉及び准空尉たる自衛官（前号に規定する者を除く。）並びに自衛隊法施行規則第５１条ただし書の規定により営舎外に居住している陸曹長以下の陸上自衛官（以下「陸曹長等」という。）、海曹長以下の海上自衛官（以下「海曹長等」という。）及び空曹長以下の航空自衛官（以下「空曹長等」という。）その職務を遂行するに当たり食事を支給することが必要であると俸給支給機関の長がその都度認めたとき⑶隔遠の地に所在する部隊等又は交通の著しく不便若しくは困難な部隊等に勤務する事務官等及び特殊な勤務に従事する事務官等のうち、陸上幕僚長の指定するものその職務を遂行するに当たり食事を支給することが必要であると俸給支給機関の長がそのつど認めたとき⑷防衛医科大学校医学教育部看護学科において防衛省設置法（昭和２９年法律第１６４号）第１６条第１項第３号に規定する教育訓練を受けている者その教育訓練を受けるに当たり食事を支給することが必要であると俸給支給機関の長が認めたとき２令第１５条第２項に規定する防衛大臣の定める金額は、１食につき朝食にあつては３３３円、昼食にあつては４４８円、夕食にあつては４１７円とする。,「防衛大臣」を「陸上幕僚長」に変更している点が誤り。正しくは「防衛大臣」である。,2026_08_15,m,-,-,-
1792,1,上級,給与,防衛省職員給与施行細則,防衛省職員給与施行細則第18条第7項　７令別表第５備考２中「防衛大臣の定める作業」は、第１項第３号から第９号まで並びに第２項第１号、第２号及び第５号に掲げる作業とする。,防衛省職員給与施行細則第18条第7項　７令別表第５備考２中「陸上幕僚長の定める作業」は、第１項第３号から第９号まで並びに第２項第１号、第２号及び第５号に掲げる作業とする。,「防衛大臣」を「陸上幕僚長」に変更している点が誤り。正しくは「防衛大臣」である。,2026_08_15,m,-,-,-
1812,2,上級,給与,防衛省職員給与施行細則,防衛省職員給与施行細則第21条第4項　４令別表第５異常圧力内作業手当の項中「防衛大臣が認めるもの」は、転覆船内に潜入して行う救難作業及び転覆船の周辺において行う救難作業並びに作業地点の水温が摂氏１０度以下の場合においてウェットスーツを着用して行う潜水作業とする。,防衛省職員給与施行細則第21条第4項　４令別表第５異常圧力内作業手当の項中「陸上幕僚長が認めるもの」は、転覆船内に潜入して行う救難作業及び転覆船の周辺において行う救難作業並びに作業地点の水温が摂氏１０度以下の場合においてウェットスーツを着用して行う潜水作業とする。,「防衛大臣」を「陸上幕僚長」に変更している点が誤り。正しくは「防衛大臣」である。,2026_08_15,m,-,-,-
1832,2,上級,給与,防衛省職員給与施行細則,防衛省職員給与施行細則第27条の6第2項　２令別表第５対空警戒対処等手当の項中「防衛大臣の定める業務」は、次に掲げる業務とする。⑴高射部隊（自衛隊法第８２条の３の規定により弾道ミサイル等を破壊する措置をとるべき旨を命ぜられた航空自衛隊の高射群及び高射教導群をいう。次号及び第３号において同じ。）が屋外で展開して行う業務⑵高射部隊が展開した地域において、自衛隊法第８２条の３の規定による弾道ミサイル等の破壊に必要な措置を命ぜられた部隊が屋外で行う警戒及び出入者の監視等に関する業務⑶高射部隊が展開した地域において、自衛隊法第８２条の３の規定による弾道ミサイル等の破壊に必要な措置を命ぜられた航空自衛隊の移動通信隊が屋外で行う通信に関する業務⑷護衛艦（自衛隊法第８２条の３の規定により弾道ミサイル等を破壊する措置をとるべき旨を命ぜられた護衛艦又はこれに必要な措置を命ぜられた護衛艦をいう。）が展開した海域において、当該護衛艦に乗艦する自衛官が行う業務,防衛省職員給与施行細則第27条の6第2項　２令別表第５対空警戒対処等手当の項中「陸上幕僚長の定める業務」は、次に掲げる業務とする。⑴高射部隊（自衛隊法第８２条の３の規定により弾道ミサイル等を破壊する措置をとるべき旨を命ぜられた航空自衛隊の高射群及び高射教導群をいう。次号及び第３号において同じ。）が屋外で展開して行う業務⑵高射部隊が展開した地域において、自衛隊法第８２条の３の規定による弾道ミサイル等の破壊に必要な措置を命ぜられた部隊が屋外で行う警戒及び出入者の監視等に関する業務⑶高射部隊が展開した地域において、自衛隊法第８２条の３の規定による弾道ミサイル等の破壊に必要な措置を命ぜられた航空自衛隊の移動通信隊が屋外で行う通信に関する業務⑷護衛艦（自衛隊法第８２条の３の規定により弾道ミサイル等を破壊する措置をとるべき旨を命ぜられた護衛艦又はこれに必要な措置を命ぜられた護衛艦をいう。）が展開した海域において、当該護衛艦に乗艦する自衛官が行う業務,「防衛大臣」を「陸上幕僚長」に変更している点が誤り。正しくは「防衛大臣」である。,2026_08_15,m,-,-,-
1852,1,上級,給与,防衛省職員給与施行細則,防衛省職員給与施行細則第27条の13第2項　２令別表第５レンジャー作業手当の項中「防衛大臣の定める作業」は、次に掲げる作業とする。ただし、教官その他の教育者（第１号及び第４号において単に「教育者」という。）にあつては、履修者に対して直接、指導等を行うものに限る。⑴前項第１号に規定する課程等（第３号に規定する課程等を除く。）において教育者又は履修者がレンジャー又は空挺レンジャーに関する教育訓練中に行う作業⑵前項第２号に規定する課程において教育者又は履修者が冬季遊撃に関する教育訓練中に行う作業⑶前項第１号に規定する課程等（次号に規定する課程等を除く。）の準備に関する作業のうち防衛大臣が別に指定するもの⑷前項第１号に規定する課程等のうちレンジャー又は空挺レンジャーに関する教育訓練を修了した者に対する技能の維持のための課程等（防衛大臣が別に指定するものに限る。）において教育者又は履修者がレンジャーに関する教育訓練中に行う作業（落下傘隊員手当又は特殊作戦隊員手当の支給を受ける陸上自衛官が行うものを除く。）,防衛省職員給与施行細則第27条の13第2項　２令別表第５レンジャー作業手当の項中「陸上幕僚長の定める作業」は、次に掲げる作業とする。ただし、教官その他の教育者（第１号及び第４号において単に「教育者」という。）にあつては、履修者に対して直接、指導等を行うものに限る。⑴前項第１号に規定する課程等（第３号に規定する課程等を除く。）において教育者又は履修者がレンジャー又は空挺レンジャーに関する教育訓練中に行う作業⑵前項第２号に規定する課程において教育者又は履修者が冬季遊撃に関する教育訓練中に行う作業⑶前項第１号に規定する課程等（次号に規定する課程等を除く。）の準備に関する作業のうち防衛大臣が別に指定するもの⑷前項第１号に規定する課程等のうちレンジャー又は空挺レンジャーに関する教育訓練を修了した者に対する技能の維持のための課程等（防衛大臣が別に指定するものに限る。）において教育者又は履修者がレンジャーに関する教育訓練中に行う作業（落下傘隊員手当又は特殊作戦隊員手当の支給を受ける陸上自衛官が行うものを除く。）,「防衛大臣」を「陸上幕僚長」に変更している点が誤り。正しくは「防衛大臣」である。,2026_08_15,m,-,-,-
1873,1,初級,給与,陸上自衛隊給与取扱規則,陸上自衛隊給与取扱規則第9条　隊員に対する給与の支払は、給与の口座振込みによる方法（預金又は貯金への振込みの方法による給与の支払等に関する訓令（昭和49年防衛庁訓令第43号）第１条第１項の振込みをいう。）又は資金前渡官吏若しくは出納員による直接現金払による方法により行うものとし、やむを得ない事情がある場合においては、隔地払（銀行振込み、隔地送金及び外国送金をいう。）の方法により行うことができる。,陸上自衛隊給与取扱規則第9条　隊員に対する給与の支払は、給与の現金払いによる方法（預金又は貯金への振込みの方法による給与の支払等に関する訓令（昭和49年防衛庁訓令第43号）第１条第１項の振込みをいう。）又は資金前渡官吏若しくは出納員による直接現金払による方法により行うものとし、やむを得ない事情がある場合においては、隔地払（銀行振込み、隔地送金及び外国送金をいう。）の方法により行うことができる。,「口座振込み」を「現金払い」に変更している点が誤り。正しくは「口座振込み」である。,2026_08_15,m,-,-,-
1893,1,上級,給与,陸上自衛隊給与取扱規則,陸上自衛隊給与取扱規則第22条の2　前２条の場合において、出納員により予備自衛官手当等を支払うときは、次の各号に定めるところにより行うものとする。(1)前２条の規定により作成した予備自衛官給与支給調書及び前渡資金については資金受領書と引換えに訓練招集部隊等の資金前渡官吏から受領する。(2)予備自衛官に対し、支払をし、予備自衛官給与支給調書を確認させる。(3)予備自衛官に支払った後、予備自衛官給与支給調書に支払済みであることの証明を訓練招集部隊等の中隊長等から受け、訓練招集部隊等の資金前渡官吏に送付する。,陸上自衛隊給与取扱規則第22条の2　前２条の場合において、出納員により予備自衛官手当等を支払うときは、次の各号に定めるところにより行うものとする。(1)前２条の規定により作成した予備自衛官給与支給調書及び前渡資金については口頭確認のみに訓練招集部隊等の資金前渡官吏から受領する。(2)予備自衛官に対し、支払をし、予備自衛官給与支給調書を確認させる。(3)予備自衛官に支払った後、予備自衛官給与支給調書に支払済みであることの証明を訓練招集部隊等の中隊長等から受け、訓練招集部隊等の資金前渡官吏に送付する。,「資金受領書と引換え」を「口頭確認のみ」に変更している点が誤り。正しくは「資金受領書と引換え」である。,2026_08_15,m,-,-,-
1913,1,上級,給与,陸上自衛隊給与取扱規則,陸上自衛隊給与取扱規則第37条　前条の場合において、出納員により教育訓練招集手当を支払うときは、次の各号に定めるところにより行うものとする。(1)前条の規定により作成した予備自衛官補給与支給調書及び前渡資金については資金受領書と引換えに教育訓練招集部隊等の資金前渡官吏から受領する。(2)予備自衛官補に対し、支払をし、予備自衛官補給与支給調書を確認させる。(3)予備自衛官補に支払った後、予備自衛官補給与支給調書に支払済みであることの証明を教育訓練招集部隊等の中隊長等から受け、教育訓練招集部隊等の資金前渡官吏に送付する。,陸上自衛隊給与取扱規則第37条　前条の場合において、出納員により教育訓練招集手当を支払うときは、次の各号に定めるところにより行うものとする。(1)前条の規定により作成した予備自衛官補給与支給調書及び前渡資金については口頭確認のみに教育訓練招集部隊等の資金前渡官吏から受領する。(2)予備自衛官補に対し、支払をし、予備自衛官補給与支給調書を確認させる。(3)予備自衛官補に支払った後、予備自衛官補給与支給調書に支払済みであることの証明を教育訓練招集部隊等の中隊長等から受け、教育訓練招集部隊等の資金前渡官吏に送付する。,「資金受領書と引換え」を「口頭確認のみ」に変更している点が誤り。正しくは「資金受領書と引換え」である。,2026_08_15,m,-,-,-
1933,1,中級,給与,陸上自衛隊若年定年退職者給付金支給規則,陸上自衛隊若年定年退職者給付金支給規則第5条　給付金支給機関の長は、第１回目の給付金、第２回目の給付金、第３回目の給付金、第４回目の給付金又は一括支給の給付金を支給する場合には、省令第１条（省令附則第２項及び第３項の規定により読み替えて適用する場合を含む。以下同じ。）及び同第１８条（省令附則第３項の規定により読み替えて適用する場合を含む。以下同じ。）に規定するそれぞれの支給期月に、該当する若年定年退職者に係る、人給システム上の若年定年退職者給付金支給調書（以下「支給調書」という。）を作成し、それぞれの支給期月の７日までに資金前渡官吏に送付するものとする。２資金前渡官吏が前項の送付を受けた場合には、官署支出官（予算決算及び会計令（昭和２２年勅令第１６５号）第１条第２項の規定による官署支出官をいう。以下同じ。）又は資金前渡官吏は、それぞれの支給期月内に給付金を支払うものとする。この場合において、資金前渡官吏は、当該支給調書を給付金の支給を受ける者及び給付金支給機関の長にそれぞれ送付するものとする。,陸上自衛隊若年定年退職者給付金支給規則第5条　給付金支給機関の長は、第１回目の給付金、第２回目の給付金、第３回目の給付金、第４回目の給付金又は一括支給の給付金を支給する場合には、省令第１条（省令附則第２項及び第３項の規定により読み替えて適用する場合を含む。以下同じ。）及び同第１８条（省令附則第３項の規定により読み替えて適用する場合を含む。以下同じ。）に規定するそれぞれの支給期月に、該当する若年定年退職者に係る、人給システム上の若年定年退職者給付金支給調書（以下「支給調書」という。）を作成し、それぞれの支給期月の１０日までに資金前渡官吏に送付するものとする。２資金前渡官吏が前項の送付を受けた場合には、官署支出官（予算決算及び会計令（昭和２２年勅令第１６５号）第１条第２項の規定による官署支出官をいう。以下同じ。）又は資金前渡官吏は、それぞれの支給期月内に給付金を支払うものとする。この場合において、資金前渡官吏は、当該支給調書を給付金の支給を受ける者及び給付金支給機関の長にそれぞれ送付するものとする。,「それぞれの支給期月の７日までに」を「それぞれの支給期月の１０日までに」に変更している点が誤り。正しくは「それぞれの支給期月の７日までに」である。,2026_08_15,m,-,-,-
1953,1,中級,旅費,国家公務員等の旅費に関する法律,国家公務員等の旅費に関する法律第3条第6項　６第一項、第二項及び前二項の規定により旅費の支給を受けることができる者が、次条第三項の規定により旅行命令等の変更（取消しを含む。同項及び同条第四項並びに第五条において同じ。）を受け、又は死亡した場合その他政令で定める場合には、当該旅行のため既に支出した金額のうちその者の損失となる金額又は支出を要する金額で財務省令で定めるものを旅費として支給することができる。,国家公務員等の旅費に関する法律第3条第6項　６第一項、第二項及び前二項の規定により旅費の支給を受けることができる者が、次条第三項の規定により旅行命令等の変更（取消しを含む。同項及び同条第四項並びに第五条において同じ。）を受け、又は死亡した場合その他政令で定める場合には、当該旅行のため既に支出した金額のうちその者の損失となる金額又は支出を要する金額で財務省令で定めるものを旅費として支給しなければならない。,「旅費として支給することができる」を「旅費として支給しなければならない」に変更している点が誤り。正しくは「旅費として支給することができる」である。,2026_08_15,m,-,-,-
1973,1,中級,旅費,国家公務員等の旅費に関する法律,国家公務員等の旅費に関する法律第10条第1項　支出官等は、旅行者又は旅行役務提供者がこの法律又はこれに基づく命令の規定に違反して旅費の支給又は旅費に相当する金額の支払を受けた場合には、当該旅費又は当該金額を返納させなければならない。,国家公務員等の旅費に関する法律第10条第1項　支出官等は、旅行者又は旅行役務提供者がこの法律又はこれに基づく命令の規定に違反して旅費の支給又は旅費に相当する金額の支払を受けた場合には、当該旅費又は当該金額を返納させることができる。,「返納させなければならない」を「返納させることができる」に変更している点が誤り。正しくは「返納させなければならない」である。,2026_08_15,m,-,-,-
1993,1,初級,旅費,国家公務員等の旅費に関する法律,国家公務員等の旅費支給規程第5条　旅行命令権者は、旅行命令等を発し、又はその変更をした場合には、できるだけ速やかに次条第一項で定める事項を支出官等に通知しなければならない。,国家公務員等の旅費支給規程第5条　旅行命令権者は、旅行命令等を発し、又はその変更をした場合には、三十日以内に次条第一項で定める事項を支出官等に通知しなければならない。,「できるだけ速やかに」を「三十日以内に」に変更している点が誤り。正しくは「できるだけ速やかに」である。,2026_08_15,m,-,-,-
2013,1,上級,旅費,国家公務員等の旅費に関する法律,国家公務員等の旅費支給規程第15条第3項　３職員又は家族が他から赴任に係る旅費の支給又はこれに相当する金額の支払を受ける場合には、前二項の規定により算定した転居費の額から当該支給又は当該支払を受ける金額を差し引くこととする。,国家公務員等の旅費支給規程第15条第3項　３職員又は家族が他から赴任に係る旅費の支給又はこれに相当する金額の支払を受ける場合には、前二項の規定により算定した転居費の額から当該支給又は当該支払を受ける金額を加算することとする。,「差し引くこととする」を「加算することとする」に変更している点が誤り。正しくは「差し引くこととする」である。,2026_08_15,m,-,-,-
2034,3,中級,旅費,国家公務員等の旅費に関する法律,国家公務員等の旅費支給規程第30条　外国旅行中本邦を通過する場合には、その本邦内の旅行について支給する旅費は、内国旅行の規定による。ただし、外国航路の船舶又は航空機により本邦を出発し、又は本邦に到着した場合における船賃又は航空賃については、外国旅行の規定による。２前項本文の場合において、令第十四条第一項第一号の規定の適用については、本邦出発の場合にはその外国への出発地を新居住地又は居住地とみなす。,国家公務員等の旅費支給規程第30条　外国旅行中本邦を通過する場合には、その本邦内の旅行について支給する旅費は、外国旅行の規定による。ただし、外国航路の船舶又は航空機により本邦を出発し、又は本邦に到着した場合における船賃又は航空賃については、外国旅行の規定による。２前項本文の場合において、令第十四条第一項第一号の規定の適用については、本邦出発の場合にはその外国への出発地を新居住地又は居住地とみなす。,「内国旅行の規定」を「外国旅行の規定」に変更している点が誤り。正しくは「内国旅行の規定」である。,2026_08_15,m,-,-,-
2054,1,初級,旅費,防衛省所管旅費取扱規則,防衛省所管旅費取扱規則第12条　法第８条第１項の規定に基づき、旅行者が通勤用定期乗車券（これに準ずるものを含む。この条において「定期券」という。）を所有している場合であって、旅行の経路に当該定期券の区間が含まれるときは、その重複する区間に係る旅費は支給しない。,防衛省所管旅費取扱規則第12条　法第８条第１項の規定に基づき、旅行者が通勤用定期乗車券（これに準ずるものを含む。この条において「定期券」という。）を所有している場合であって、旅行の経路に当該定期券の区間が含まれるときは、その重複する区間に係る旅費は支給する。,「その重複する区間に係る旅費は支給しない」を「その重複する区間に係る旅費は支給する」に変更している点が誤り。正しくは「その重複する区間に係る旅費は支給しない」である。,2026_08_15,m,-,-,-
2074,1,中級,旅費,防衛省所管旅費取扱規則,防衛省所管旅費取扱規則の運用について（第１５条関係第２項）　訓令第１５条第１項に規定する「営舎外に居住するにいたった場合」には、自衛隊法施行規則第５４条に規定する場合を含まないものとする。,防衛省所管旅費取扱規則の運用について（第１５条関係第２項）　訓令第１５条第１項に規定する「営舎外に居住するにいたった場合」には、自衛隊法施行規則第５４条に規定する場合を含むものとする。,「含まない」を「含む」に変更している点が誤り。正しくは「含まない」である。,2026_08_15,m,-,-,-
2094,1,初級,旅費,陸上自衛隊旅費取扱規則,陸上自衛隊旅費取扱規則第１１条第２項　旅行者は、概算払の支払を受けようとする場合には、出発の日の前日までに前項の手続により旅費請求書を提出しなければならない。,陸上自衛隊旅費取扱規則第１１条第２項　旅行者は、概算払の支払を受けようとする場合には、出発の日の当日までに前項の手続により旅費請求書を提出しなければならない。,「前日までに」を「当日までに」に変更している点が誤り。正しくは「前日までに」である。,2026_08_15,m,-,-,-
2114,1,上級,契約,政府契約の支払遅延防止等に関する法律,政府契約の支払遅延防止等に関する法律第９条　国が約定の時期までに給付の完了の確認又は検査をしないときは、その時期を経過した日から完了の確認又は検査をした日までの期間の日数は、約定期間の日数から差し引くものとし、又当該遅延期間が約定期間の日数を越える場合には、約定期間は満了したものとみなし、国は、その越える日数に応じ前条の計算の例に準じ支払遅延に関し約定した利率をもつて計算した金額を相手方に対し支払わなければならない。,政府契約の支払遅延防止等に関する法律第９条　国が約定の時期までに給付の完了の確認又は検査をしないときは、その時期を経過した日から完了の確認又は検査をした日までの期間の日数は、約定期間の日数に加えるものとし、又当該遅延期間が約定期間の日数を越える場合には、約定期間は満了したものとみなし、国は、その越える日数に応じ前条の計算の例に準じ支払遅延に関し約定した利率をもつて計算した金額を相手方に対し支払わなければならない。,「差し引く」を「加える」に変更している点が誤り。正しくは「差し引く」である。,2026_08_15,m,-,-,-
2134,1,中級,契約,国の物品等又は特定役務の調達手続の特例を定める政令,国の物品等又は特定役務の調達手続の特例を定める政令第八条第1項　各省各庁の長又はその委任を受けた職員は、契約担当官等が特定調達契約につき一般競争に付そうとする場合において一般競争公告をし又は指名競争に付そうとする場合において指名競争公示をした後、当該一般競争公告又は指名競争公示に係る一般競争又は指名競争に参加しようとする者から予決令第七十二条第二項（予決令第九十五条第二項において準用する場合を含む。）の規定による申請（第三項において「一般競争又は指名競争に係る資格審査の申請」という。）があつたときは、速やかに、その者が予決令第七十二条第一項又は第九十五条第一項に規定する資格を有するかどうかについて審査を開始しなければならない。,国の物品等又は特定役務の調達手続の特例を定める政令第八条第1項　各省各庁の長又はその委任を受けた職員は、契約担当官等が特定調達契約につき一般競争に付そうとする場合において一般競争公告をし又は指名競争に付そうとする場合において指名競争公示をした後、当該一般競争公告又は指名競争公示に係る一般競争又は指名競争に参加しようとする者から予決令第七十二条第二項（予決令第九十五条第二項において準用する場合を含む。）の規定による申請（第三項において「一般競争又は指名競争に係る資格審査の申請」という。）があつたときは、遅滞なく、その者が予決令第七十二条第一項又は第九十五条第一項に規定する資格を有するかどうかについて審査を開始しなければならない。,「速やかに、その者が」を「遅滞なく、その者が」に変更している点が誤り。正しくは「速やかに、その者が」である。,2026_08_15,m,-,-,-
2154,2,中級,契約,予算決算及び会計令臨時特例,予算決算及び会計令臨時特例第四条の五　第四条の二第一項の規定による競争に付する事項の予定価格は、令第八十条第一項の規定にかかわらず、当該競争入札に付する物品の種類ごとの総価額を当該物品の種類ごとの需要数量で除した金額をもつて定めなければならない。,予算決算及び会計令臨時特例第四条の五　第四条の二第一項の規定による競争に付する事項の予定価格は、令第八十条第一項の規定にかかわらず、当該競争入札に付する物品の種類ごとの総価額を当該物品の種類ごとの需要数量を乗じた金額をもつて定めなければならない。,「需要数量で除した金額」を「需要数量を乗じた金額」に変更している点が誤り。正しくは「需要数量で除した金額」である。,2026_08_15,m,-,-,-
2174,1,中級,契約,契約事務取扱規則,契約事務取扱規則第４条　各省各庁の長又はその委任を受けた職員は、予算決算及び会計令（昭和二十二年勅令第百六十五号。以下「令」という。）第七十二条第二項（令第九十五条第二項において準用する場合を含む。）の規定により、一般競争又は指名競争に参加する者の資格を審査したときは、令第七十二条第一項又は第九十五条第一項の資格を有すると認めた者又は資格がないと認めた者にそれぞれ、必要な通知をしなければならない。,契約事務取扱規則第４条　各省各庁の長又はその委任を受けた職員は、予算決算及び会計令（昭和二十二年勅令第百六十五号。以下「令」という。）第七十二条第二項（令第九十五条第二項において準用する場合を含む。）の規定により、一般競争又は指名競争に参加する者の資格を審査したときは、令第七十二条第一項又は第九十五条第一項の資格を有すると認めた者又は資格がないと認めた者にそれぞれ、必要な通知をすることができる。,「必要な通知をしなければならない」を「必要な通知をすることができる」に変更している点が誤り。正しくは「必要な通知をしなければならない」である。,2026_08_15,m,-,-,-
2195,2,初級,契約,契約事務取扱規則,契約事務取扱規則第１７条第１項　保証事業会社の保証を契約保証金に代わる担保とする場合における当該担保の価値は、その保証する金額とする。,契約事務取扱規則第１７条第１項　保証事業会社の保証を契約保証金に代わる担保とする場合における当該担保の価値は、その保証する金額の八割とする。,「保証する金額」を「保証する金額の八割」に変更している点が誤り。正しくは「保証する金額」である。,2026_08_15,m,-,-,-
2215,1,上級,契約,契約事務取扱規則,契約事務取扱規則第２８条第２項　前項各号に掲げる書類等の作成に代わる電磁的記録の作成は、各省各庁の使用に係る電子計算機（入出力装置を含む。以下同じ。）と契約の相手方の使用に係る電子計算機とを電気通信回線で接続した電子情報処理組織を使用して当該書類等に記載すべき事項を記録する方法により作成するものとする。,契約事務取扱規則第２８条第２項　前項各号に掲げる書類等の作成に代わる電磁的記録の作成は、各省各庁の使用に係る電子計算機（入出力装置を含む。以下同じ。）と契約の相手方の使用に係る電子計算機とを専用回線で接続した電子情報処理組織を使用して当該書類等に記載すべき事項を記録する方法により作成するものとする。,「電気通信回線」を「専用回線」に変更している点が誤り。正しくは「電気通信回線」である。,2026_08_15,m,-,-,-
2235,1,中級,契約,調達物品等の予定価格の算定基準に関する訓令,調達物品等の予定価格の算定基準に関する訓令第12条第3項　３ 次の各号に掲げる価格は、これを市場価格とみなすものとする。(1) 定価（生産者又は卸売業者が販売価格の基準として価格表等に一般に表示している価格をいう。ただし、定価に販売割引、現金割引、又は手数料等を含むものは、その額を控除した価格をいう。）(2) 他官庁売買価格（国、地方公共団体又は国の事務等と密接な関連を有する業務を行う特別法人として国家公務員退職手当法施行令（昭和28年政令第215号）第９条の２に定める法人（以下「国等」という。）が売買する物品について定める売買価格又は売買実例価格をいう。）(3) 販売実績価格（生産者又は卸売業者が一定期間継続して同一価格をもって販売している場合の価格をいう。ただし、当該価格に販売割引、現金割引又は手数料等を含むものは、その額を控除した価格をいう。）,調達物品等の予定価格の算定基準に関する訓令第12条第3項　３ 次の各号に掲げる価格は、これを市場価格とみなすことができる。(1) 定価（生産者又は卸売業者が販売価格の基準として価格表等に一般に表示している価格をいう。ただし、定価に販売割引、現金割引、又は手数料等を含むものは、その額を控除した価格をいう。）(2) 他官庁売買価格（国、地方公共団体又は国の事務等と密接な関連を有する業務を行う特別法人として国家公務員退職手当法施行令（昭和28年政令第215号）第９条の２に定める法人（以下「国等」という。）が売買する物品について定める売買価格又は売買実例価格をいう。）(3) 販売実績価格（生産者又は卸売業者が一定期間継続して同一価格をもって販売している場合の価格をいう。ただし、当該価格に販売割引、現金割引又は手数料等を含むものは、その額を控除した価格をいう。）,「市場価格とみなすものとする」を「市場価格とみなすことができる」に変更している点が誤り。正しくは「市場価格とみなすものとする」である。,2026_08_15,m,-,-,-
2255,1,中級,契約,調達物品等の予定価格の算定基準に関する訓令,調達物品等の予定価格の算定基準に関する訓令第25条第2項　２ 前項の計算価格から梱包費及び輸送費の合計額を除いたものを裸価格とし、裸価格から利子及び利益の合計額を除いたものを総原価とし、総原価から一般管理及び販売費並びに販売直接費の合計額を除いたものを製造原価とする。,調達物品等の予定価格の算定基準に関する訓令第25条第2項　２ 前項の計算価格から梱包費又は輸送費の合計額を除いたものを裸価格とし、裸価格から利子及び利益の合計額を除いたものを総原価とし、総原価から一般管理及び販売費並びに販売直接費の合計額を除いたものを製造原価とする。,「梱包費及び輸送費」を「梱包費又は輸送費」に変更している点が誤り。正しくは「梱包費及び輸送費」である。,2026_08_15,m,-,-,-
2275,1,中級,契約,調達物品等の予定価格の算定基準に関する訓令,調達物品等の予定価格の算定基準に関する訓令第39条第4項　４ 直接材料が自家生産材料である場合の消費価格は、その製造原価とする。ただし、正常と認められる標準原価があるときは、当該標準原価によることができる。,調達物品等の予定価格の算定基準に関する訓令第39条第4項　４ 直接材料が自家生産材料である場合の消費価格は、その総原価とする。ただし、正常と認められる標準原価があるときは、当該標準原価によることができる。,「製造原価」を「総原価」に変更している点が誤り。正しくは「製造原価」である。,2026_08_15,m,-,-,-
2295,1,中級,契約,調達物品等の予定価格の算定基準に関する訓令,調達物品等の予定価格の算定基準に関する訓令第50条　据付調整費及び仮設費は、次の各号に掲げる費用とする。(1) 調達物品等の生産等に関連して行う据付調整に要する費用(2) 調達物品等の生産等に関連して行う仮設（使用後直ちに撤去しないものを除く。）に要する費用２ 据付調整費及び仮設費の額は、その構成要素ごとに計算するものとする。ただし、仮設したものに売却価値又は利用価値がある場合には、その評価額を当該据付調整費及び仮設費から控除するものとし、また、当該仮設したものの処分等に費用を要する場合には、当該費用をその評価額から控除するものとする。,調達物品等の予定価格の算定基準に関する訓令第50条　据付調整費又は仮設費は、次の各号に掲げる費用とする。(1) 調達物品等の生産等に関連して行う据付調整に要する費用(2) 調達物品等の生産等に関連して行う仮設（使用後直ちに撤去しないものを除く。）に要する費用２ 据付調整費及び仮設費の額は、その構成要素ごとに計算するものとする。ただし、仮設したものに売却価値又は利用価値がある場合には、その評価額を当該据付調整費及び仮設費から控除するものとし、また、当該仮設したものの処分等に費用を要する場合には、当該費用をその評価額から控除するものとする。,「据付調整費及び仮設費」を「据付調整費又は仮設費」に変更している点が誤り。正しくは「据付調整費及び仮設費」である。,2026_08_15,m,-,-,-
2315,1,上級,契約,調達物品等の予定価格の算定基準に関する訓令,調達物品等の予定価格の算定基準に関する訓令第63条第3項　３　第１項の計算式における標準金利は、全産業又は当該事業の属する業種における平均的な負債及び資本の構成に基づく金利とする。,調達物品等の予定価格の算定基準に関する訓令第63条第3項　３　第１項の計算式における標準金利は、全産業又は当該事業の属する業種における平均的な負債又は資本の構成に基づく金利とする。,「負債及び資本」を「負債又は資本」に変更している点が誤り。正しくは「負債及び資本」である。,2026_08_15,m,-,-,-
2335,1,上級,契約,防衛省所管契約事務取扱細則,防衛省所管契約事務取扱細則第4条第4項　４令第１３９条の３第３項の規定により、代行機関を命ずる場合には、大臣は、法第４６条の３第２項の権限を別に定める者に委任し、代行機関とすることができる職員及びその事務の範囲並びに事務処理の手続について別に定めるものとする。,防衛省所管契約事務取扱細則第4条第4項　４令第１３９条の３第３項の規定により、代行機関を命ずる場合には、大臣は、法第４６条の３第２項の権限を別に定める者に委任し、代行機関としなければならない職員及びその事務の範囲並びに事務処理の手続について別に定めるものとする。,「委任し、代行機関とすることができる」を「委任し、代行機関としなければならない」に変更している点が誤り。正しくは「委任し、代行機関とすることができる」である。,2026_08_15,m,-,-,-
2356,1,上級,契約,防衛省所管契約事務取扱細則,防衛省所管契約事務取扱細則第16条第4項　４委任機関等の長は、第１０条の規定により物品等の資格を付与した後、資格審査結果通知書について、亡失等による再発行が必要な場合には、その都度、別記第６号書式（その４）の一般競争（指名競争）参加資格審査結果通知書再発行届により届出をさせるものとする。,防衛省所管契約事務取扱細則第16条第4項　４委任機関等の長は、第１０条の規定により物品等の資格を付与した後、資格審査結果通知書について、亡失等による再発行が必要な場合には、その都度、別記第６号書式（その３）の一般競争（指名競争）参加資格審査結果通知書再発行届により届出をさせるものとする。,「別記第６号書式（その４）」を「別記第６号書式（その３）」に変更している点が誤り。正しくは「別記第６号書式（その４）」である。,2026_08_15,m,-,-,-
2376,2,上級,契約,防衛省所管契約事務取扱細則,防衛省所管契約事務取扱細則第28条第3項　３委任機関等の長は、前項の規定により苦情処理内容について報告を受けた場合には、軽微なものを除き、当該苦情処理内容を速やかに大臣に報告するものとする。第２章一般競争契約,防衛省所管契約事務取扱細則第28条第3項　３委任機関等の長は、前項の規定により苦情処理内容について報告を受けた場合には、すべて、当該苦情処理内容を速やかに大臣に報告するものとする。第２章一般競争契約,「軽微なものを除き」を「すべて」に変更している点が誤り。正しくは「軽微なものを除き」である。,2026_08_15,m,-,-,-
2396,2,中級,契約,防衛省所管契約事務取扱細則,防衛省所管契約事務取扱細則第37条　委任機関等の長は、第３２条、第３４条又は前条の規定により競争参加申請者から申請書の添付書類を提出させる場合において、金融商品取引法（昭和２３年法律第２５号）第２４条に規定する有価証券報告書に記載されている事項については、これをもって財務諸表に代えることができる。,防衛省所管契約事務取扱細則第37条　委任機関等の長は、第３２条、第３４条又は前条の規定により競争参加申請者から申請書の添付書類を提出させる場合において、金融商品取引法（昭和２３年法律第２５号）第２４条に規定する有価証券報告書に記載されている事項については、これをもって財務諸表に代えなければならない。,「財務諸表に代えることができる」を「財務諸表に代えなければならない」に変更している点が誤り。正しくは「財務諸表に代えることができる」である。,2026_08_15,m,-,-,-
2416,1,初級,契約,防衛省所管契約事務取扱細則,防衛省所管契約事務取扱細則第53条　契約担当官等、資金契約等担当官等又は代行機関は、令第１００条の２第１項の規定により契約書の作成を省略する場合において、当該契約金額が１００万円以上であるときは、契約の種類に応じ、別記第１４号書式、別記第１５号書式又は別記第１６号書式の請書を徴取するものとする。２契約担当官等、資金契約等担当官等又は代行機関は、前項の規定にかかわらず、当該契約の性質又は目的により、特に必要があると認める場合には、前項の規定を準用した請書を徴取するものとする。,防衛省所管契約事務取扱細則第53条　契約担当官等、資金契約等担当官等又は代行機関は、令第１００条の２第１項の規定により契約書の作成を省略する場合において、当該契約金額が５０万円以上であるときは、契約の種類に応じ、別記第１４号書式、別記第１５号書式又は別記第１６号書式の請書を徴取するものとする。２契約担当官等、資金契約等担当官等又は代行機関は、前項の規定にかかわらず、当該契約の性質又は目的により、特に必要があると認める場合には、前項の規定を準用した請書を徴取するものとする。,「当該契約金額が１００万円以上」を「当該契約金額が５０万円以上」に変更している点が誤り。正しくは「当該契約金額が１００万円以上」である。,2026_08_15,m,-,-,-
2436,2,中級,契約,防衛省所管契約事務取扱細則,防衛省所管契約事務取扱細則第72条　委任機関等の長は、この細則の定めるところにより難いと認められるものについては、大臣に申請して特例を設けることができる。,防衛省所管契約事務取扱細則第72条　委任機関等の長は、この細則の定めるところにより難いと認められるものについては、大臣に報告して特例を設けることができる。,「大臣に申請して特例を設けることができる」を「大臣に報告して特例を設けることができる」に変更している点が誤り。正しくは「大臣に申請して特例を設けることができる」である。,2026_08_15,m,-,-,-
